Date,Year,Month,Day,Arrival Quantity,Min Price,Max Price,Previous_Modal_Price,Modal Price
2002-01-08,2002,1,8,0.0,400.0,500.0,300.0,450.0
2002-01-10,2002,1,10,34.0,300.0,400.0,450.0,360.0
2002-01-11,2002,1,11,0.0,350.0,450.0,360.0,400.0
2002-01-14,2002,1,14,41.0,300.0,400.0,400.0,350.0
2002-01-15,2002,1,15,0.0,300.0,400.0,350.0,350.0
2002-01-16,2002,1,16,0.0,320.0,400.0,350.0,360.0
2002-01-17,2002,1,17,0.0,280.0,400.0,360.0,340.0
2002-01-18,2002,1,18,29.0,300.0,400.0,340.0,350.0
2002-01-22,2002,1,22,0.0,180.0,200.0,350.0,220.0
2002-01-23,2002,1,23,42.0,200.0,300.0,220.0,250.0
2002-01-25,2002,1,25,0.0,200.0,350.0,250.0,275.0
2002-01-28,2002,1,28,45.0,250.0,350.0,275.0,300.0
2002-01-31,2002,1,31,0.0,400.0,500.0,300.0,450.0
2002-02-01,2002,2,1,0.0,400.0,500.0,450.0,460.0
2002-02-04,2002,2,4,0.0,400.0,560.0,460.0,480.0
2002-02-05,2002,2,5,0.0,450.0,600.0,480.0,530.0
2002-02-06,2002,2,6,0.0,460.0,600.0,530.0,530.0
2002-02-07,2002,2,7,5.0,400.0,600.0,530.0,500.0
2002-02-11,2002,2,11,32.0,466.0,550.0,500.0,505.0
2002-02-12,2002,2,12,0.0,500.0,560.0,505.0,530.0
2002-02-15,2002,2,15,36.0,400.0,560.0,530.0,480.0
2002-02-19,2002,2,19,36.0,460.0,600.0,480.0,530.0
2002-02-20,2002,2,20,40.0,500.0,600.0,530.0,550.0
2002-02-26,2002,2,26,21.0,300.0,460.0,550.0,380.0
2002-02-27,2002,2,27,0.0,350.0,500.0,380.0,430.0
2002-02-28,2002,2,28,0.0,380.0,550.0,430.0,460.0
2002-03-01,2002,3,1,0.0,375.0,600.0,460.0,487.0
2002-03-06,2002,3,6,0.0,400.0,560.0,487.0,480.0
2002-03-19,2002,3,19,0.0,460.0,550.0,480.0,570.0
2002-03-27,2002,3,27,0.0,300.0,400.0,570.0,360.0
2002-04-03,2002,4,3,0.0,200.0,280.0,360.0,240.0
2002-04-04,2002,4,4,0.0,160.0,240.0,240.0,200.0
2002-04-08,2002,4,8,0.0,150.0,260.0,200.0,210.0
2002-04-09,2002,4,9,0.0,140.0,200.0,210.0,170.0
2002-04-11,2002,4,11,0.0,160.0,200.0,170.0,180.0
2002-04-16,2002,4,16,0.0,100.0,160.0,180.0,130.0
2002-04-17,2002,4,17,0.0,160.0,200.0,130.0,180.0
2002-04-18,2002,4,18,0.0,140.0,180.0,180.0,160.0
2002-04-19,2002,4,19,0.0,125.0,160.0,160.0,140.0
2002-04-22,2002,4,22,0.0,140.0,200.0,140.0,170.0
2002-04-26,2002,4,26,0.0,110.0,160.0,170.0,140.0
2002-04-29,2002,4,29,0.0,110.0,140.0,140.0,130.0
2002-04-30,2002,4,30,0.0,120.0,160.0,130.0,140.0
2002-05-01,2002,5,1,0.0,140.0,200.0,140.0,170.0
2002-05-02,2002,5,2,0.0,160.0,200.0,170.0,180.0
2002-05-03,2002,5,3,0.0,160.0,220.0,180.0,190.0
2002-05-04,2002,5,4,0.0,160.0,240.0,190.0,200.0
2002-05-06,2002,5,6,15.0,140.0,200.0,200.0,170.0
2002-05-07,2002,5,7,19.0,116.0,206.0,170.0,160.0
2002-05-08,2002,5,8,13.0,120.0,200.0,160.0,160.0
2002-05-10,2002,5,10,20.0,120.0,190.0,160.0,160.0
2002-05-13,2002,5,13,11.0,160.0,220.0,160.0,180.0
2002-05-14,2002,5,14,8.0,140.0,200.0,180.0,170.0
2002-05-15,2002,5,15,11.0,160.0,240.0,170.0,200.0
2002-05-16,2002,5,16,8.0,200.0,260.0,200.0,230.0
2002-05-17,2002,5,17,6.0,200.0,300.0,230.0,250.0
2002-05-20,2002,5,20,0.0,200.0,300.0,250.0,250.0
2002-05-21,2002,5,21,0.0,240.0,350.0,250.0,295.0
2002-05-22,2002,5,22,0.0,250.0,300.0,295.0,300.0
2002-05-23,2002,5,23,0.0,240.0,360.0,300.0,300.0
2002-05-24,2002,5,24,0.0,250.0,350.0,300.0,300.0
2002-05-27,2002,5,27,0.0,300.0,400.0,300.0,350.0
2002-05-28,2002,5,28,0.0,250.0,360.0,350.0,310.0
2002-09-11,2002,9,11,33.0,800.0,950.0,310.0,880.0
2002-10-22,2002,10,22,17.0,760.0,900.0,880.0,830.0
2002-11-12,2002,11,12,0.0,800.0,900.0,830.0,850.0
2002-11-13,2002,11,13,0.0,700.0,800.0,850.0,750.0
2002-11-14,2002,11,14,0.0,700.0,780.0,750.0,740.0
2002-11-15,2002,11,15,0.0,700.0,760.0,740.0,730.0
2002-11-16,2002,11,16,0.0,600.0,700.0,730.0,660.0
2002-11-18,2002,11,18,0.0,400.0,500.0,660.0,460.0
2002-11-20,2002,11,20,0.0,380.0,500.0,460.0,440.0
2002-11-21,2002,11,21,0.0,300.0,460.0,440.0,421.0
2002-11-22,2002,11,22,0.0,300.0,400.0,421.0,380.0
2002-11-23,2002,11,23,0.0,320.0,410.0,380.0,370.0
2002-11-25,2002,11,25,0.0,300.0,400.0,370.0,350.0
2002-11-26,2002,11,26,0.0,350.0,450.0,350.0,400.0
2002-11-27,2002,11,27,0.0,300.0,400.0,400.0,350.0
2002-11-28,2002,11,28,0.0,300.0,400.0,350.0,360.0
2002-11-29,2002,11,29,0.0,320.0,400.0,360.0,360.0
2002-11-30,2002,11,30,0.0,280.0,400.0,360.0,340.0
2002-12-02,2002,12,2,0.0,260.0,380.0,340.0,320.0
2002-12-03,2002,12,3,0.0,300.0,400.0,320.0,350.0
2002-12-04,2002,12,4,0.0,280.0,380.0,350.0,330.0
2002-12-05,2002,12,5,0.0,300.0,400.0,330.0,385.0
2002-12-09,2002,12,9,0.0,300.0,450.0,385.0,395.0
2002-12-10,2002,12,10,25.0,300.0,400.0,395.0,350.0
2002-12-11,2002,12,11,0.0,320.0,400.0,350.0,360.0
2002-12-12,2002,12,12,0.0,380.0,380.0,360.0,350.0
2002-12-13,2002,12,13,0.0,260.0,350.0,350.0,305.0
2002-12-14,2002,12,14,0.0,200.0,300.0,305.0,260.0
2002-12-17,2002,12,17,0.0,180.0,300.0,260.0,240.0
2002-12-18,2002,12,18,0.0,140.0,200.0,240.0,170.0
2002-12-19,2002,12,19,0.0,160.0,200.0,170.0,180.0
2002-12-20,2002,12,20,0.0,140.0,200.0,180.0,170.0
2002-12-23,2002,12,23,0.0,100.0,160.0,170.0,130.0
2002-12-24,2002,12,24,0.0,100.0,140.0,130.0,120.0
2002-12-26,2002,12,26,0.0,120.0,180.0,120.0,150.0
2002-12-28,2002,12,28,0.0,125.0,185.0,150.0,155.0
2002-12-30,2002,12,30,0.0,120.0,200.0,155.0,160.0
2003-01-02,2003,1,2,0.0,120.0,200.0,160.0,160.0
2003-01-03,2003,1,3,0.0,140.0,220.0,160.0,180.0
2003-01-04,2003,1,4,0.0,120.0,210.0,180.0,165.0
2003-01-06,2003,1,6,0.0,110.0,120.0,165.0,150.0
2003-01-07,2003,1,7,0.0,100.0,180.0,150.0,140.0
2003-01-08,2003,1,8,0.0,100.0,160.0,140.0,130.0
2003-01-09,2003,1,9,0.0,110.0,190.0,130.0,150.0
2003-01-10,2003,1,10,46.0,100.0,180.0,150.0,140.0
2003-01-13,2003,1,13,18.0,120.0,220.0,140.0,170.0
2003-01-14,2003,1,14,25.0,120.0,200.0,170.0,160.0
2003-01-15,2003,1,15,0.0,200.0,300.0,160.0,260.0
2003-01-16,2003,1,16,23.0,240.0,360.0,260.0,300.0
2003-01-17,2003,1,17,33.0,260.0,380.0,300.0,320.0
2003-01-18,2003,1,18,26.0,300.0,380.0,320.0,340.0
2003-01-21,2003,1,21,41.0,200.0,300.0,340.0,250.0
2003-01-23,2003,1,23,46.0,200.0,300.0,250.0,250.0
2003-01-24,2003,1,24,0.0,200.0,280.0,250.0,240.0
2003-01-25,2003,1,25,3.0,200.0,300.0,240.0,255.0
2003-01-27,2003,1,27,0.0,180.0,300.0,255.0,240.0
2003-01-30,2003,1,30,18.0,160.0,280.0,240.0,220.0
2003-01-31,2003,1,31,26.0,140.0,260.0,220.0,200.0
2003-02-03,2003,2,3,28.0,180.0,300.0,200.0,240.0
2003-02-04,2003,2,4,34.0,180.0,320.0,240.0,250.0
2003-02-06,2003,2,6,0.0,170.0,260.0,250.0,215.0
2003-02-07,2003,2,7,0.0,180.0,290.0,215.0,235.0
2003-02-08,2003,2,8,41.0,160.0,280.0,235.0,220.0
2003-02-10,2003,2,10,36.0,160.0,240.0,220.0,210.0
2003-02-13,2003,2,13,4.0,120.0,200.0,210.0,160.0
2003-02-17,2003,2,17,0.0,100.0,180.0,160.0,140.0
2003-02-18,2003,2,18,0.0,110.0,190.0,140.0,150.0
2003-02-20,2003,2,20,0.0,110.0,200.0,150.0,160.0
2003-02-21,2003,2,21,18.0,120.0,220.0,160.0,170.0
2003-02-22,2003,2,22,4.0,160.0,280.0,170.0,220.0
2003-02-24,2003,2,24,6.0,110.0,220.0,220.0,165.0
2003-02-25,2003,2,25,8.0,120.0,240.0,165.0,180.0
2003-02-26,2003,2,26,13.0,190.0,260.0,180.0,200.0
2003-02-27,2003,2,27,6.0,160.0,260.0,200.0,210.0
2003-03-03,2003,3,3,9.0,180.0,300.0,210.0,240.0
2003-03-04,2003,3,4,2.0,160.0,300.0,240.0,280.0
2003-03-05,2003,3,5,0.0,160.0,270.0,280.0,225.0
2003-03-06,2003,3,6,0.0,180.0,300.0,225.0,240.0
2003-03-07,2003,3,7,0.0,160.0,300.0,240.0,230.0
2003-03-10,2003,3,10,11.0,180.0,300.0,230.0,240.0
2003-03-11,2003,3,11,21.0,200.0,320.0,240.0,260.0
2003-03-12,2003,3,12,16.0,220.0,360.0,260.0,290.0
2003-03-13,2003,3,13,21.0,200.0,360.0,290.0,280.0
2003-03-15,2003,3,15,19.0,220.0,380.0,280.0,300.0
2003-03-17,2003,3,17,11.0,200.0,300.0,300.0,250.0
2003-03-21,2003,3,21,18.0,140.0,260.0,250.0,200.0
2003-03-22,2003,3,22,21.0,160.0,250.0,200.0,205.0
2003-03-25,2003,3,25,4.0,160.0,300.0,205.0,230.0
2003-03-26,2003,3,26,18.0,180.0,320.0,230.0,250.0
2003-03-27,2003,3,27,3.0,200.0,360.0,250.0,280.0
2003-03-29,2003,3,29,9.0,280.0,400.0,280.0,340.0
2003-03-31,2003,3,31,0.0,200.0,300.0,340.0,250.0
2003-04-01,2003,4,1,4.0,140.0,260.0,250.0,200.0
2003-04-02,2003,4,2,17.0,120.0,230.0,200.0,175.0
2003-04-03,2003,4,3,13.0,110.0,200.0,175.0,185.0
2003-04-04,2003,4,4,16.0,120.0,210.0,185.0,165.0
2003-04-05,2003,4,5,0.0,100.0,180.0,165.0,140.0
2003-04-07,2003,4,7,0.0,110.0,170.0,140.0,140.0
2003-04-08,2003,4,8,1.0,110.0,180.0,140.0,145.0
2003-04-10,2003,4,10,0.0,180.0,260.0,145.0,220.0
2003-04-11,2003,4,11,0.0,180.0,260.0,220.0,220.0
2003-04-12,2003,4,12,10.0,200.0,300.0,220.0,250.0
2003-04-16,2003,4,16,12.0,300.0,400.0,250.0,350.0
2003-04-17,2003,4,17,0.0,300.0,500.0,350.0,400.0
2003-04-21,2003,4,21,0.0,300.0,500.0,400.0,400.0
2003-04-22,2003,4,22,0.0,300.0,400.0,400.0,350.0
2003-04-23,2003,4,23,0.0,280.0,360.0,350.0,320.0
2003-04-24,2003,4,24,9.0,250.0,350.0,320.0,300.0
2003-04-25,2003,4,25,0.0,200.0,320.0,300.0,260.0
2003-04-26,2003,4,26,0.0,200.0,300.0,260.0,250.0
2003-04-28,2003,4,28,6.0,200.0,280.0,250.0,240.0
2003-04-29,2003,4,29,0.0,250.0,350.0,240.0,300.0
2003-04-30,2003,4,30,0.0,250.0,360.0,300.0,305.0
2003-05-06,2003,5,6,0.0,500.0,600.0,305.0,560.0
2003-11-25,2003,11,25,0.0,750.0,900.0,560.0,825.0
2003-11-27,2003,11,27,0.0,750.0,925.0,825.0,840.0
2003-11-28,2003,11,28,0.0,700.0,850.0,840.0,775.0
2003-12-02,2003,12,2,0.0,750.0,800.0,775.0,780.0
2003-12-03,2003,12,3,0.0,760.0,800.0,780.0,780.0
2003-12-04,2003,12,4,0.0,700.0,800.0,780.0,750.0
2003-12-05,2003,12,5,0.0,700.0,850.0,750.0,775.0
2003-12-06,2003,12,6,61.0,750.0,900.0,775.0,825.0
2003-12-08,2003,12,8,0.0,700.0,800.0,825.0,750.0
2003-12-09,2003,12,9,104.0,650.0,800.0,750.0,725.0
2003-12-10,2003,12,10,0.0,600.0,800.0,725.0,700.0
2003-12-11,2003,12,11,0.0,550.0,750.0,700.0,650.0
2003-12-12,2003,12,12,0.0,500.0,700.0,650.0,600.0
2003-12-13,2003,12,13,0.0,400.0,600.0,600.0,500.0
2003-12-15,2003,12,15,56.0,400.0,500.0,500.0,450.0
2003-12-16,2003,12,16,0.0,450.0,560.0,450.0,505.0
2003-12-17,2003,12,17,0.0,400.0,600.0,505.0,500.0
2003-12-18,2003,12,18,0.0,360.0,550.0,500.0,455.0
2003-12-19,2003,12,19,62.0,300.0,500.0,455.0,400.0
2003-12-20,2003,12,20,0.0,400.0,550.0,400.0,480.0
2003-12-22,2003,12,22,0.0,400.0,600.0,480.0,500.0
2003-12-23,2003,12,23,0.0,450.0,600.0,500.0,525.0
2003-12-24,2003,12,24,36.0,500.0,600.0,525.0,550.0
2003-12-26,2003,12,26,0.0,550.0,600.0,550.0,575.0
2003-12-29,2003,12,29,46.0,550.0,550.0,575.0,600.0
2003-12-30,2003,12,30,0.0,600.0,700.0,600.0,650.0
2003-12-31,2003,12,31,41.0,650.0,750.0,650.0,700.0
2004-01-01,2004,1,1,48.0,650.0,760.0,700.0,705.0
2004-01-02,2004,1,2,29.0,660.0,800.0,705.0,750.0
2004-01-03,2004,1,3,57.0,700.0,800.0,750.0,750.0
2004-01-05,2004,1,5,5.0,750.0,800.0,750.0,775.0
2004-01-06,2004,1,6,42.0,700.0,800.0,775.0,750.0
2004-01-07,2004,1,7,49.0,700.0,850.0,750.0,775.0
2004-01-08,2004,1,8,3.0,650.0,800.0,775.0,725.0
2004-01-09,2004,1,9,49.0,600.0,750.0,725.0,675.0
2004-01-10,2004,1,10,56.0,600.0,700.0,675.0,650.0
2004-01-12,2004,1,12,0.0,500.0,700.0,650.0,600.0
2004-01-13,2004,1,13,33.0,450.0,700.0,600.0,580.0
2004-01-14,2004,1,14,0.0,500.0,700.0,580.0,600.0
2004-01-15,2004,1,15,86.0,450.0,700.0,600.0,600.0
2004-01-16,2004,1,16,5.0,500.0,700.0,600.0,600.0
2004-01-17,2004,1,17,7.0,450.0,700.0,600.0,575.0
2004-01-19,2004,1,19,0.0,400.0,600.0,575.0,500.0
2004-01-20,2004,1,20,6.0,350.0,550.0,500.0,450.0
2004-01-21,2004,1,21,41.0,300.0,500.0,450.0,400.0
2004-01-22,2004,1,22,0.0,200.0,380.0,400.0,290.0
2004-01-23,2004,1,23,0.0,180.0,350.0,290.0,266.0
2004-01-24,2004,1,24,0.0,280.0,450.0,266.0,365.0
2004-01-27,2004,1,27,4.0,250.0,400.0,365.0,325.0
2004-01-29,2004,1,29,4.0,300.0,400.0,325.0,350.0
2004-01-31,2004,1,31,41.0,380.0,500.0,350.0,440.0
2004-02-03,2004,2,3,5.0,400.0,550.0,440.0,475.0
2004-02-04,2004,2,4,28.0,450.0,550.0,475.0,500.0
2004-02-05,2004,2,5,8.0,500.0,600.0,500.0,550.0
2004-02-06,2004,2,6,8.0,550.0,650.0,550.0,600.0
2004-02-09,2004,2,9,0.0,650.0,750.0,600.0,700.0
2004-02-10,2004,2,10,8.0,600.0,700.0,700.0,650.0
2004-02-11,2004,2,11,0.0,550.0,650.0,650.0,600.0
2004-02-13,2004,2,13,5.0,500.0,560.0,600.0,530.0
2004-02-14,2004,2,14,39.0,500.0,550.0,530.0,525.0
2004-02-16,2004,2,16,3.0,500.0,600.0,525.0,550.0
2004-02-17,2004,2,17,38.0,500.0,600.0,550.0,500.0
2004-02-19,2004,2,19,46.0,350.0,400.0,500.0,375.0
2004-02-20,2004,2,20,5.0,360.0,400.0,375.0,380.0
2004-02-21,2004,2,21,40.0,350.0,425.0,380.0,385.0
2004-02-23,2004,2,23,61.0,250.0,350.0,385.0,300.0
2004-02-24,2004,2,24,8.0,200.0,300.0,300.0,260.0
2004-02-25,2004,2,25,1.0,180.0,300.0,260.0,240.0
2004-02-26,2004,2,26,38.0,200.0,350.0,240.0,275.0
2004-03-01,2004,3,1,26.0,250.0,400.0,275.0,320.0
2004-03-03,2004,3,3,32.0,300.0,400.0,320.0,350.0
2004-03-04,2004,3,4,38.0,260.0,350.0,350.0,305.0
2004-03-05,2004,3,5,46.0,250.0,350.0,305.0,300.0
2004-03-08,2004,3,8,0.0,300.0,360.0,300.0,330.0
2004-03-09,2004,3,9,16.0,240.0,350.0,330.0,220.0
2004-03-10,2004,3,10,21.0,200.0,300.0,220.0,250.0
2004-03-11,2004,3,11,0.0,200.0,300.0,250.0,260.0
2004-03-12,2004,3,12,0.0,180.0,300.0,260.0,240.0
2004-03-13,2004,3,13,28.0,200.0,280.0,240.0,240.0
2004-03-15,2004,3,15,0.0,200.0,300.0,240.0,260.0
2004-03-16,2004,3,16,23.0,200.0,330.0,260.0,265.0
2004-03-17,2004,3,17,28.0,200.0,350.0,265.0,275.0
2004-03-18,2004,3,18,0.0,220.0,300.0,275.0,260.0
2004-03-19,2004,3,19,0.0,200.0,280.0,260.0,240.0
2004-03-22,2004,3,22,0.0,210.0,300.0,240.0,260.0
2004-03-23,2004,3,23,0.0,180.0,280.0,260.0,230.0
2004-03-24,2004,3,24,0.0,116.0,240.0,230.0,200.0
2004-03-26,2004,3,26,53.0,110.0,240.0,200.0,175.0
2004-03-27,2004,3,27,48.0,100.0,180.0,175.0,140.0
2004-04-01,2004,4,1,8.0,100.0,160.0,140.0,130.0
2004-04-05,2004,4,5,0.0,120.0,200.0,130.0,160.0
2004-04-06,2004,4,6,0.0,100.0,180.0,160.0,140.0
2004-04-07,2004,4,7,0.0,110.0,200.0,140.0,155.0
2004-04-10,2004,4,10,0.0,140.0,260.0,155.0,200.0
2004-04-12,2004,4,12,14.0,200.0,260.0,200.0,230.0
2004-04-15,2004,4,15,0.0,160.0,250.0,230.0,205.0
2004-04-17,2004,4,17,0.0,120.0,200.0,205.0,160.0
2004-04-21,2004,4,21,0.0,100.0,160.0,160.0,130.0
2004-04-22,2004,4,22,18.0,100.0,140.0,130.0,120.0
2004-04-23,2004,4,23,24.0,80.0,120.0,120.0,100.0
2004-04-24,2004,4,24,0.0,80.0,110.0,100.0,95.0
2004-04-26,2004,4,26,16.0,106.0,140.0,95.0,120.0
2004-04-28,2004,4,28,0.0,100.0,110.0,120.0,105.0
2004-04-29,2004,4,29,18.0,100.0,130.0,105.0,115.0
2004-04-30,2004,4,30,11.0,100.0,140.0,115.0,120.0
2004-05-01,2004,5,1,12.0,110.0,140.0,120.0,125.0
2004-05-06,2004,5,6,0.0,120.0,180.0,125.0,150.0
2004-05-07,2004,5,7,12.0,140.0,200.0,150.0,170.0
2004-05-08,2004,5,8,0.0,150.0,200.0,170.0,175.0
2004-05-11,2004,5,11,0.0,140.0,180.0,175.0,160.0
2004-05-12,2004,5,12,10.0,140.0,200.0,160.0,170.0
2004-05-13,2004,5,13,0.0,160.0,220.0,170.0,190.0
2004-05-14,2004,5,14,10.0,180.0,240.0,190.0,210.0
2004-05-15,2004,5,15,8.0,180.0,260.0,210.0,220.0
2004-05-25,2004,5,25,11.0,200.0,300.0,220.0,250.0
2004-05-26,2004,5,26,0.0,220.0,300.0,250.0,260.0
2004-05-27,2004,5,27,11.0,300.0,350.0,260.0,330.0
2004-12-07,2004,12,7,0.0,650.0,800.0,330.0,725.0
2004-12-13,2004,12,13,77.0,500.0,600.0,725.0,550.0
2004-12-14,2004,12,14,17.0,400.0,600.0,550.0,500.0
2004-12-15,2004,12,15,18.0,400.0,500.0,500.0,450.0
2004-12-17,2004,12,17,0.0,350.0,500.0,450.0,425.0
2004-12-18,2004,12,18,0.0,300.0,500.0,425.0,400.0
2004-12-21,2004,12,21,14.0,360.0,600.0,400.0,480.0
2004-12-22,2004,12,22,0.0,400.0,600.0,480.0,500.0
2004-12-23,2004,12,23,23.0,400.0,500.0,500.0,450.0
2004-12-24,2004,12,24,20.0,400.0,460.0,450.0,430.0
2004-12-27,2004,12,27,17.0,350.0,450.0,430.0,400.0
2004-12-28,2004,12,28,0.0,360.0,400.0,400.0,380.0
2004-12-29,2004,12,29,35.0,300.0,400.0,380.0,350.0
2004-12-30,2004,12,30,20.0,400.0,500.0,350.0,450.0
2004-12-31,2004,12,31,19.0,400.0,550.0,450.0,475.0
2005-01-01,2005,1,1,27.0,400.0,500.0,475.0,450.0
2005-01-03,2005,1,3,36.0,450.0,550.0,450.0,500.0
2005-01-04,2005,1,4,0.0,450.0,600.0,500.0,525.0
2005-01-10,2005,1,10,1.0,400.0,560.0,525.0,480.0
2005-01-12,2005,1,12,38.0,400.0,500.0,480.0,460.0
2005-01-13,2005,1,13,25.0,440.0,550.0,460.0,495.0
2005-01-14,2005,1,14,34.0,400.0,500.0,495.0,450.0
2005-01-15,2005,1,15,0.0,360.0,500.0,450.0,430.0
2005-01-17,2005,1,17,52.0,400.0,650.0,430.0,550.0
2005-01-18,2005,1,18,38.0,400.0,500.0,550.0,450.0
2005-01-19,2005,1,19,16.0,450.0,550.0,450.0,500.0
2005-01-20,2005,1,20,2.0,450.0,550.0,500.0,500.0
2005-01-22,2005,1,22,0.0,400.0,600.0,500.0,500.0
2005-01-24,2005,1,24,22.0,400.0,600.0,500.0,500.0
2005-01-25,2005,1,25,0.0,360.0,550.0,500.0,455.0
2005-01-27,2005,1,27,0.0,300.0,500.0,455.0,400.0
2005-01-28,2005,1,28,27.0,300.0,460.0,400.0,380.0
2005-02-07,2005,2,7,38.0,550.0,700.0,380.0,625.0
2005-02-10,2005,2,10,51.0,500.0,650.0,625.0,575.0
2005-02-12,2005,2,12,61.0,500.0,650.0,575.0,575.0
2005-02-14,2005,2,14,46.0,550.0,700.0,575.0,625.0
2005-02-15,2005,2,15,27.0,500.0,700.0,625.0,600.0
2005-02-16,2005,2,16,26.0,500.0,650.0,600.0,575.0
2005-02-17,2005,2,17,27.0,450.0,600.0,575.0,525.0
2005-02-19,2005,2,19,38.0,400.0,500.0,525.0,450.0
2005-02-22,2005,2,22,19.0,450.0,550.0,450.0,500.0
2005-02-23,2005,2,23,17.0,400.0,500.0,500.0,450.0
2005-02-26,2005,2,26,22.0,300.0,500.0,450.0,400.0
2005-03-03,2005,3,3,23.0,500.0,600.0,400.0,550.0
2005-03-05,2005,3,5,24.0,550.0,700.0,550.0,625.0
2005-03-06,2005,3,6,13.0,500.0,700.0,625.0,600.0
2005-03-16,2005,3,16,12.0,500.0,600.0,600.0,550.0
2005-03-17,2005,3,17,14.0,500.0,600.0,550.0,550.0
2005-03-18,2005,3,18,12.0,450.0,550.0,550.0,500.0
2005-03-24,2005,3,24,19.0,400.0,500.0,500.0,475.0
2005-03-30,2005,3,30,16.0,350.0,500.0,475.0,425.0
2005-03-31,2005,3,31,23.0,300.0,500.0,425.0,400.0
2006-03-03,2006,3,3,23.0,500.0,600.0,400.0,550.0
2006-03-05,2006,3,5,24.0,550.0,700.0,550.0,625.0
2006-03-06,2006,3,6,13.0,500.0,700.0,625.0,600.0
2006-03-16,2006,3,16,12.0,500.0,600.0,600.0,550.0
2006-03-17,2006,3,17,14.0,500.0,600.0,550.0,550.0
2006-03-18,2006,3,18,12.0,450.0,550.0,550.0,500.0
2006-03-24,2006,3,24,19.0,400.0,500.0,500.0,475.0
2006-03-30,2006,3,30,16.0,350.0,500.0,475.0,425.0
2006-03-31,2006,3,31,23.0,300.0,500.0,425.0,400.0
2007-03-03,2007,3,3,23.0,500.0,600.0,400.0,550.0
2007-03-05,2007,3,5,24.0,550.0,700.0,550.0,625.0
2007-03-06,2007,3,6,13.0,500.0,700.0,625.0,600.0
2007-03-16,2007,3,16,12.0,500.0,600.0,600.0,550.0
2007-03-17,2007,3,17,14.0,500.0,600.0,550.0,550.0
2007-03-18,2007,3,18,12.0,450.0,550.0,550.0,500.0
2007-03-24,2007,3,24,19.0,400.0,500.0,500.0,475.0
2007-03-30,2007,3,30,16.0,350.0,500.0,475.0,425.0
2007-03-31,2007,3,31,23.0,300.0,500.0,425.0,400.0
2008-01-01,2008,1,1,35.0,400.0,600.0,400.0,500.0
2008-01-02,2008,1,2,32.0,450.0,650.0,500.0,550.0
2008-01-03,2008,1,3,30.0,475.0,700.0,550.0,587.0
2008-01-04,2008,1,4,34.0,500.0,725.0,587.0,612.0
2008-01-05,2008,1,5,36.0,500.0,700.0,612.0,600.0
2008-01-07,2008,1,7,40.0,450.0,650.0,600.0,550.0
2008-01-08,2008,1,8,45.0,425.0,650.0,550.0,537.0
2008-01-09,2008,1,9,42.0,450.0,600.0,537.0,525.0
2008-01-10,2008,1,10,45.0,425.0,600.0,525.0,512.0
2008-01-11,2008,1,11,50.0,450.0,650.0,512.0,550.0
2008-01-12,2008,1,12,53.0,500.0,600.0,550.0,550.0
2008-01-14,2008,1,14,53.0,500.0,600.0,550.0,550.0
2008-01-15,2008,1,15,56.0,475.0,600.0,550.0,537.0
2008-01-16,2008,1,16,52.0,400.0,650.0,537.0,525.0
2008-01-17,2008,1,17,48.0,450.0,680.0,525.0,565.0
2008-01-18,2008,1,18,50.0,400.0,650.0,565.0,525.0
2008-01-19,2008,1,19,48.0,450.0,680.0,525.0,565.0
2008-01-21,2008,1,21,50.0,400.0,650.0,565.0,525.0
2008-01-22,2008,1,22,60.0,400.0,500.0,525.0,450.0
2008-01-23,2008,1,23,50.0,450.0,550.0,450.0,500.0
2008-01-24,2008,1,24,50.0,400.0,600.0,500.0,500.0
2008-01-25,2008,1,25,45.0,450.0,650.0,500.0,550.0
2008-01-28,2008,1,28,40.0,550.0,700.0,550.0,625.0
2008-01-29,2008,1,29,43.0,600.0,725.0,625.0,662.0
2008-01-30,2008,1,30,38.0,700.0,800.0,662.0,750.0
2008-01-31,2008,1,31,40.0,675.0,750.0,750.0,712.0
2008-02-01,2008,2,1,32.0,500.0,650.0,712.0,575.0
2008-02-02,2008,2,2,30.0,600.0,800.0,575.0,700.0
2008-02-04,2008,2,4,28.0,650.0,900.0,700.0,775.0
2008-02-05,2008,2,5,34.0,625.0,1000.0,775.0,812.0
2008-02-06,2008,2,6,32.0,650.0,1050.0,812.0,850.0
2008-02-07,2008,2,7,36.0,700.0,1050.0,850.0,875.0
2008-02-08,2008,2,8,39.0,750.0,1000.0,875.0,875.0
2008-02-09,2008,2,9,40.0,850.0,1050.0,875.0,950.0
2008-02-11,2008,2,11,37.0,875.0,1050.0,950.0,962.0
2008-02-12,2008,2,12,39.0,800.0,1000.0,962.0,900.0
2008-02-13,2008,2,13,35.0,850.0,1075.0,900.0,962.0
2008-02-14,2008,2,14,40.0,800.0,1000.0,962.0,900.0
2008-02-15,2008,2,15,45.0,775.0,1000.0,900.0,887.0
2008-02-16,2008,2,16,38.0,800.0,1150.0,887.0,975.0
2008-02-18,2008,2,18,40.0,850.0,1125.0,975.0,987.0
2008-02-19,2008,2,19,43.0,750.0,1125.0,987.0,937.0
2008-02-20,2008,2,20,40.0,875.0,1150.0,937.0,1012.0
2008-02-21,2008,2,21,45.0,800.0,1000.0,1012.0,900.0
2008-02-22,2008,2,22,46.0,800.0,975.0,900.0,887.0
2008-02-23,2008,2,23,50.0,750.0,900.0,887.0,825.0
2008-02-25,2008,2,25,45.0,775.0,925.0,825.0,850.0
2008-02-26,2008,2,26,40.0,800.0,1000.0,850.0,900.0
2008-02-27,2008,2,27,36.0,825.0,1075.0,900.0,950.0
2008-02-28,2008,2,28,42.0,700.0,900.0,950.0,800.0
2008-02-29,2008,2,29,30.0,750.0,900.0,800.0,825.0
2008-03-01,2008,3,1,40.0,975.0,875.0,825.0,775.0
2008-03-04,2008,3,4,40.0,400.0,600.0,775.0,500.0
2008-03-05,2008,3,5,37.0,750.0,875.0,500.0,787.0
2008-03-07,2008,3,7,45.0,500.0,750.0,787.0,625.0
2008-03-08,2008,3,8,42.0,550.0,750.0,625.0,650.0
2008-03-10,2008,3,10,45.0,500.0,725.0,650.0,612.0
2008-03-11,2008,3,11,48.0,500.0,650.0,612.0,575.0
2008-03-12,2008,3,12,40.0,575.0,700.0,575.0,637.0
2008-03-13,2008,3,13,32.0,625.0,700.0,637.0,662.0
2008-03-14,2008,3,14,38.0,500.0,575.0,662.0,537.0
2008-03-15,2008,3,15,40.0,500.0,550.0,537.0,525.0
2008-03-17,2008,3,17,38.0,500.0,600.0,525.0,550.0
2008-03-18,2008,3,18,35.0,520.0,600.0,550.0,560.0
2008-03-19,2008,3,19,40.0,450.0,550.0,560.0,500.0
2008-03-20,2008,3,20,42.0,400.0,550.0,500.0,475.0
2008-03-25,2008,3,25,35.0,425.0,500.0,475.0,462.0
2008-12-06,2008,12,6,46.0,1200.0,1400.0,462.0,1300.0
2008-12-08,2008,12,8,50.0,1150.0,1350.0,1300.0,1250.0
2009-01-01,2009,1,1,59.0,600.0,800.0,1250.0,700.0
2009-01-02,2009,1,2,612.0,600.0,750.0,700.0,675.0
2009-01-03,2009,1,3,50.0,750.0,900.0,675.0,825.0
2009-01-05,2009,1,5,48.0,800.0,925.0,825.0,862.0
2009-01-06,2009,1,6,45.0,800.0,1000.0,862.0,900.0
2009-01-07,2009,1,7,40.0,850.0,1000.0,900.0,925.0
2009-01-09,2009,1,9,37.0,900.0,1050.0,925.0,975.0
2009-01-10,2009,1,10,42.0,800.0,1000.0,975.0,900.0
2009-01-12,2009,1,12,50.0,750.0,850.0,900.0,800.0
2009-01-13,2009,1,13,600.0,700.0,800.0,800.0,750.0
2009-01-15,2009,1,15,65.0,540.0,725.0,750.0,632.0
2009-01-16,2009,1,16,70.0,600.0,675.0,632.0,637.0
2009-01-17,2009,1,17,75.0,550.0,650.0,637.0,600.0
2009-01-19,2009,1,19,80.0,500.0,600.0,600.0,550.0
2009-01-20,2009,1,20,82.0,480.0,570.0,550.0,525.0
2009-01-21,2009,1,21,85.0,450.0,560.0,525.0,505.0
2009-01-22,2009,1,22,72.0,480.0,600.0,505.0,540.0
2009-01-23,2009,1,23,75.0,450.0,550.0,540.0,500.0
2009-01-24,2009,1,24,65.0,500.0,580.0,500.0,540.0
2009-01-27,2009,1,27,70.0,480.0,550.0,540.0,515.0
2009-01-28,2009,1,28,63.0,400.0,500.0,515.0,450.0
2009-01-29,2009,1,29,68.0,350.0,450.0,450.0,400.0
2009-01-30,2009,1,30,60.0,350.0,475.0,400.0,412.0
2009-01-31,2009,1,31,56.0,365.0,450.0,412.0,407.0
2009-02-02,2009,2,2,56.0,400.0,600.0,407.0,500.0
2009-02-03,2009,2,3,52.0,450.0,550.0,500.0,500.0
2009-02-04,2009,2,4,60.0,400.0,500.0,500.0,450.0
2009-02-05,2009,2,5,68.0,350.0,450.0,450.0,400.0
2009-02-06,2009,2,6,56.0,380.0,460.0,400.0,420.0
2009-02-07,2009,2,7,60.0,360.0,450.0,420.0,405.0
2009-02-09,2009,2,9,68.0,300.0,400.0,405.0,350.0
2009-02-11,2009,2,11,80.0,300.0,380.0,350.0,340.0
2009-02-12,2009,2,12,73.0,320.0,400.0,340.0,360.0
2009-02-14,2009,2,14,85.0,300.0,375.0,360.0,337.0
2009-02-16,2009,2,16,92.0,280.0,350.0,337.0,315.0
2009-02-17,2009,2,17,100.0,250.0,350.0,315.0,300.0
2009-02-18,2009,2,18,110.0,200.0,320.0,300.0,260.0
2009-02-19,2009,2,19,123.0,200.0,300.0,260.0,250.0
2009-02-20,2009,2,20,118.0,220.0,300.0,250.0,260.0
2009-02-21,2009,2,21,109.0,200.0,300.0,260.0,250.0
2009-02-23,2009,2,23,95.0,225.0,315.0,250.0,270.0
2009-02-24,2009,2,24,100.0,220.0,300.0,270.0,260.0
2009-02-25,2009,2,25,112.0,200.0,300.0,260.0,250.0
2009-02-26,2009,2,26,95.0,185.0,300.0,250.0,242.0
2009-02-27,2009,2,27,100.0,180.0,320.0,242.0,250.0
2009-03-02,2009,3,2,72.0,200.0,300.0,250.0,250.0
2009-03-03,2009,3,3,65.0,250.0,325.0,250.0,287.0
2009-03-04,2009,3,4,60.0,240.0,350.0,287.0,295.0
2009-03-05,2009,3,5,52.0,300.0,400.0,295.0,350.0
2009-03-06,2009,3,6,58.0,285.0,400.0,350.0,342.0
2009-03-07,2009,3,7,60.0,300.0,400.0,342.0,350.0
2009-03-09,2009,3,9,57.0,285.0,420.0,350.0,352.0
2009-03-12,2009,3,12,40.0,3000.0,400.0,352.0,350.0
2009-03-13,2009,3,13,38.0,350.0,450.0,350.0,400.0
2009-03-14,2009,3,14,45.0,380.0,465.0,400.0,422.0
2009-03-16,2009,3,16,37.0,400.0,500.0,422.0,450.0
2009-03-17,2009,3,17,40.0,450.0,550.0,450.0,500.0
2009-03-18,2009,3,18,38.0,480.0,600.0,500.0,540.0
2009-03-19,2009,3,19,35.0,500.0,600.0,540.0,550.0
2009-03-20,2009,3,20,40.0,500.0,580.0,550.0,540.0
2009-03-21,2009,3,21,50.0,475.0,575.0,540.0,525.0
2009-03-23,2009,3,23,48.0,500.0,600.0,525.0,550.0
2009-03-24,2009,3,24,52.0,450.0,550.0,550.0,500.0
2009-03-25,2009,3,25,60.0,400.0,500.0,500.0,450.0
2009-03-26,2009,3,26,58.0,425.0,550.0,450.0,487.0
2009-03-27,2009,3,27,50.0,450.0,575.0,487.0,512.0
2009-03-28,2009,3,28,80.0,300.0,380.0,512.0,340.0
2009-03-30,2009,3,30,100.0,240.0,300.0,340.0,270.0
2009-03-31,2009,3,31,87.0,265.0,330.0,270.0,297.0
2009-04-13,2009,4,13,100.0,170.0,240.0,297.0,205.0
2009-04-21,2009,4,21,60.0,260.0,320.0,205.0,290.0
2009-04-27,2009,4,27,60.0,280.0,350.0,290.0,315.0
2009-04-28,2009,4,28,50.0,300.0,400.0,315.0,350.0
2009-04-29,2009,4,29,56.0,320.0,380.0,350.0,300.0
2009-05-01,2009,5,1,56.0,300.0,400.0,300.0,350.0
2009-05-02,2009,5,2,50.0,280.0,400.0,350.0,340.0
2009-05-04,2009,5,4,46.0,350.0,550.0,340.0,450.0
2009-05-05,2009,5,5,40.0,400.0,600.0,450.0,500.0
2009-05-06,2009,5,6,50.0,380.0,500.0,500.0,440.0
2009-05-07,2009,5,7,54.0,400.0,500.0,440.0,450.0
2009-05-08,2009,5,8,60.0,375.0,475.0,450.0,425.0
2009-05-11,2009,5,11,56.0,350.0,500.0,425.0,425.0
2009-05-12,2009,5,12,70.0,300.0,500.0,425.0,400.0
2009-05-13,2009,5,13,80.0,300.0,400.0,400.0,350.0
2009-05-16,2009,5,16,58.0,400.0,600.0,350.0,500.0
2009-05-22,2009,5,22,52.0,250.0,330.0,500.0,290.0
2009-11-25,2009,11,25,50.0,1675.0,1875.0,290.0,1775.0
2009-11-26,2009,11,26,40.0,1700.0,1900.0,1775.0,1800.0
2009-11-27,2009,11,27,43.0,1650.0,1925.0,1800.0,1787.0
2009-11-30,2009,11,30,50.0,1600.0,1875.0,1787.0,1737.0
2009-12-01,2009,12,1,45.0,1500.0,2000.0,1737.0,1750.0
2009-12-02,2009,12,2,40.0,1550.0,2050.0,1750.0,1800.0
2009-12-03,2009,12,3,46.0,1600.0,2000.0,1800.0,1800.0
2009-12-04,2009,12,4,42.0,1700.0,2000.0,1800.0,1850.0
2009-12-05,2009,12,5,45.0,1650.0,1925.0,1850.0,1787.0
2009-12-07,2009,12,7,70.0,1000.0,1150.0,1787.0,1075.0
2009-12-08,2009,12,8,68.0,975.0,1125.0,1075.0,1050.0
2009-12-09,2009,12,9,72.0,850.0,950.0,1050.0,900.0
2009-12-10,2009,12,10,75.0,800.0,900.0,900.0,850.0
2009-12-11,2009,12,11,67.0,750.0,900.0,850.0,825.0
2009-12-12,2009,12,12,72.0,725.0,850.0,825.0,787.0
2009-12-14,2009,12,14,80.0,700.0,800.0,787.0,750.0
2009-12-15,2009,12,15,70.0,750.0,900.0,750.0,825.0
2009-12-16,2009,12,16,67.0,700.0,900.0,825.0,800.0
2009-12-17,2009,12,17,62.0,700.0,800.0,800.0,750.0
2009-12-18,2009,12,18,50.0,650.0,700.0,750.0,765.0
2009-12-19,2009,12,19,58.0,550.0,650.0,765.0,600.0
2009-12-21,2009,12,21,60.0,500.0,600.0,600.0,550.0
2009-12-22,2009,12,22,52.0,540.0,625.0,550.0,582.0
2009-12-23,2009,12,23,50.0,550.0,650.0,582.0,600.0
2009-12-24,2009,12,24,45.0,565.0,675.0,600.0,620.0
2009-12-26,2009,12,26,50.0,580.0,700.0,620.0,640.0
2009-12-29,2009,12,29,42.0,600.0,700.0,640.0,650.0
2009-12-30,2009,12,30,40.0,650.0,800.0,650.0,725.0
2009-12-31,2009,12,31,38.0,800.0,100.0,725.0,900.0
2010-01-01,2010,1,1,32.0,1000.0,1200.0,900.0,1100.0
2010-01-02,2010,1,2,38.0,925.0,1125.0,1100.0,1025.0
2010-01-04,2010,1,4,34.0,1000.0,1200.0,1025.0,1100.0
2010-01-05,2010,1,5,40.0,800.0,1050.0,1100.0,925.0
2010-01-06,2010,1,6,37.0,850.0,1075.0,925.0,962.0
2010-01-07,2010,1,7,40.0,800.0,1000.0,962.0,900.0
2010-01-08,2010,1,8,50.0,700.0,950.0,900.0,825.0
2010-01-09,2010,1,9,68.0,650.0,850.0,825.0,750.0
2010-01-11,2010,1,11,46.0,800.0,1000.0,750.0,900.0
2010-01-12,2010,1,12,40.0,850.0,1150.0,900.0,1000.0
2010-01-14,2010,1,14,39.0,950.0,1100.0,1000.0,1012.0
2010-01-15,2010,1,15,35.0,1100.0,1400.0,1012.0,1250.0
2010-01-16,2010,1,16,30.0,1400.0,1600.0,1250.0,1500.0
2010-01-18,2010,1,18,36.0,1350.0,1550.0,1500.0,1450.0
2010-01-19,2010,1,19,35.0,1300.0,1500.0,1450.0,1400.0
2010-01-20,2010,1,20,35.0,1100.0,1400.0,1400.0,1250.0
2010-01-21,2010,1,21,35.0,1350.0,1500.0,1250.0,1425.0
2010-01-22,2010,1,22,36.0,1350.0,1550.0,1425.0,1450.0
2010-01-23,2010,1,23,30.0,1400.0,1600.0,1450.0,1500.0
2010-01-25,2010,1,25,36.0,1300.0,1500.0,1500.0,1400.0
2010-01-27,2010,1,27,32.0,1350.0,1550.0,1400.0,1450.0
2010-01-28,2010,1,28,30.0,1400.0,1600.0,1450.0,1500.0
2010-01-29,2010,1,29,38.0,1200.0,1400.0,1500.0,1300.0
2010-01-30,2010,1,30,35.0,1350.0,1550.0,1300.0,1450.0
2010-03-05,2010,3,5,64.0,700.0,900.0,1450.0,800.0
2010-03-06,2010,3,6,70.0,725.0,875.0,800.0,800.0
2010-03-08,2010,3,8,85.0,600.0,800.0,800.0,700.0
2010-03-09,2010,3,9,92.0,500.0,700.0,700.0,600.0
2010-03-13,2010,3,13,65.0,550.0,700.0,600.0,625.0
2010-03-15,2010,3,15,50.0,750.0,950.0,625.0,850.0
2010-03-16,2010,3,16,40.0,800.0,1000.0,850.0,900.0
2010-03-17,2010,3,17,42.0,850.0,1000.0,900.0,925.0
2010-03-18,2010,3,18,40.0,900.0,1050.0,925.0,975.0
2010-03-19,2010,3,19,42.0,850.0,1000.0,975.0,925.0
2010-03-20,2010,3,20,40.0,900.0,1050.0,925.0,975.0
2010-03-22,2010,3,22,38.0,1050.0,1175.0,975.0,1112.0
2010-03-23,2010,3,23,35.0,1050.0,1200.0,1112.0,1125.0
2010-03-25,2010,3,25,40.0,1000.0,1200.0,1125.0,1100.0
2010-03-26,2010,3,26,38.0,1050.0,1250.0,1100.0,1150.0
2010-03-27,2010,3,27,42.0,1075.0,1225.0,1150.0,1150.0
2010-03-29,2010,3,29,40.0,1100.0,1250.0,1150.0,1175.0
2010-03-30,2010,3,30,38.0,1100.0,1300.0,1175.0,1200.0
2010-03-31,2010,3,31,42.0,1050.0,1250.0,1200.0,1150.0
2010-04-01,2010,4,1,38.0,1000.0,1200.0,1150.0,1100.0
2010-04-03,2010,4,3,40.0,950.0,1100.0,1100.0,1025.0
2010-04-05,2010,4,5,42.0,950.0,1150.0,1025.0,1050.0
2010-04-06,2010,4,6,38.0,900.0,1150.0,1050.0,1025.0
2010-04-07,2010,4,7,35.0,1000.0,1100.0,1025.0,1050.0
2010-04-08,2010,4,8,37.0,975.0,1125.0,1050.0,1050.0
2010-04-09,2010,4,9,35.0,1000.0,1200.0,1050.0,1100.0
2010-04-10,2010,4,10,40.0,800.0,1000.0,1100.0,900.0
2010-04-12,2010,4,12,43.0,850.0,1050.0,900.0,950.0
2010-04-13,2010,4,13,56.0,700.0,800.0,950.0,750.0
2010-04-15,2010,4,15,70.0,650.0,750.0,750.0,700.0
2010-04-16,2010,4,16,82.0,600.0,700.0,700.0,650.0
2010-04-17,2010,4,17,70.0,650.0,750.0,650.0,700.0
2010-04-19,2010,4,19,56.0,700.0,800.0,700.0,750.0
2010-04-20,2010,4,20,82.0,625.0,700.0,750.0,662.0
2010-04-21,2010,4,21,40.0,800.0,1000.0,662.0,900.0
2010-04-22,2010,4,22,82.0,600.0,700.0,900.0,650.0
2010-04-23,2010,4,23,85.0,400.0,600.0,650.0,500.0
2010-04-24,2010,4,24,96.0,350.0,600.0,500.0,475.0
2010-04-26,2010,4,26,82.0,375.0,650.0,475.0,512.0
2010-04-27,2010,4,27,90.0,425.0,675.0,512.0,550.0
2010-04-28,2010,4,28,85.0,500.0,700.0,550.0,600.0
2010-04-29,2010,4,29,92.0,500.0,680.0,600.0,590.0
2010-04-30,2010,4,30,90.0,520.0,700.0,590.0,610.0
2010-05-01,2010,5,1,70.0,500.0,700.0,610.0,600.0
2010-05-03,2010,5,3,80.0,580.0,800.0,600.0,690.0
2010-05-04,2010,5,4,76.0,625.0,765.0,690.0,695.0
2010-05-05,2010,5,5,72.0,650.0,775.0,695.0,712.0
2010-05-06,2010,5,6,80.0,600.0,800.0,712.0,700.0
2010-05-07,2010,5,7,75.0,625.0,825.0,700.0,725.0
2010-05-08,2010,5,8,68.0,650.0,850.0,725.0,750.0
2010-05-10,2010,5,10,70.0,600.0,800.0,750.0,700.0
2010-05-11,2010,5,11,60.0,675.0,845.0,700.0,760.0
2010-05-12,2010,5,12,62.0,700.0,850.0,760.0,775.0
2010-05-13,2010,5,13,54.0,750.0,900.0,775.0,825.0
2010-05-14,2010,5,14,50.0,800.0,900.0,825.0,850.0
2010-05-15,2010,5,15,52.0,650.0,850.0,850.0,648.0
2010-05-17,2010,5,17,45.0,600.0,800.0,648.0,700.0
2010-05-18,2010,5,18,35.0,600.0,900.0,700.0,750.0
2010-05-19,2010,5,19,62.0,700.0,850.0,750.0,775.0
2010-05-20,2010,5,20,60.0,675.0,845.0,775.0,760.0
2010-05-21,2010,5,21,54.0,750.0,900.0,760.0,825.0
2010-05-22,2010,5,22,70.0,600.0,800.0,825.0,700.0
2010-05-24,2010,5,24,62.0,700.0,900.0,700.0,800.0
2010-05-25,2010,5,25,58.0,800.0,925.0,800.0,862.0
2010-05-26,2010,5,26,54.0,750.0,900.0,862.0,825.0
2010-05-28,2010,5,28,50.0,950.0,1150.0,825.0,1050.0
2010-05-29,2010,5,29,40.0,800.0,1000.0,1050.0,900.0
2010-05-31,2010,5,31,58.0,800.0,925.0,900.0,862.0
2010-12-01,2010,12,1,60.0,700.0,800.0,862.0,750.0
2010-12-02,2010,12,2,50.0,750.0,850.0,750.0,800.0
2010-12-03,2010,12,3,56.0,720.0,800.0,800.0,760.0
2010-12-04,2010,12,4,48.0,800.0,875.0,760.0,837.0
2010-12-06,2010,12,6,50.0,750.0,850.0,837.0,800.0
2010-12-07,2010,12,7,56.0,720.0,800.0,800.0,760.0
2010-12-08,2010,12,8,48.0,1000.0,1200.0,760.0,1100.0
2010-12-09,2010,12,9,42.0,1150.0,1250.0,1100.0,1200.0
2010-12-10,2010,12,10,35.0,1200.0,1400.0,1200.0,1300.0
2010-12-11,2010,12,11,37.0,1250.0,1425.0,1300.0,1337.0
2010-12-13,2010,12,13,40.0,1200.0,1400.0,1337.0,1300.0
2010-12-14,2010,12,14,42.0,1225.0,1400.0,1300.0,1312.0
2010-12-15,2010,12,15,45.0,1200.0,1375.0,1312.0,1287.0
2010-12-16,2010,12,16,56.0,800.0,1000.0,1287.0,900.0
2010-12-18,2010,12,18,54.0,850.0,1000.0,900.0,925.0
2010-12-20,2010,12,20,50.0,1000.0,1150.0,925.0,1075.0
2010-12-21,2010,12,21,39.0,1400.0,1650.0,1075.0,1525.0
2010-12-22,2010,12,22,35.0,1600.0,1800.0,1525.0,1700.0
2010-12-23,2010,12,23,38.0,1675.0,1900.0,1700.0,1787.0
2010-12-24,2010,12,24,40.0,1350.0,1650.0,1787.0,1500.0
2010-12-27,2010,12,27,35.0,2000.0,2475.0,1500.0,2237.0
2010-12-28,2010,12,28,42.0,1800.0,2200.0,2237.0,2000.0
2010-12-29,2010,12,29,50.0,1700.0,2000.0,2000.0,1850.0
2010-12-30,2010,12,30,40.0,1850.0,2150.0,1850.0,2000.0
2010-12-31,2010,12,31,36.0,1900.0,2200.0,2000.0,2050.0
2011-02-01,2011,2,1,60.0,550.0,750.0,2050.0,650.0
2011-02-02,2011,2,2,68.0,500.0,725.0,650.0,612.0
2011-02-03,2011,2,3,70.0,500.0,700.0,612.0,600.0
2011-02-04,2011,2,4,60.0,550.0,750.0,600.0,650.0
2011-02-05,2011,2,5,69.0,500.0,725.0,650.0,612.0
2011-02-07,2011,2,7,68.0,500.0,750.0,612.0,625.0
2011-02-08,2011,2,8,60.0,500.0,725.0,625.0,612.0
2011-02-09,2011,2,9,65.0,500.0,700.0,612.0,600.0
2011-02-10,2011,2,10,52.0,700.0,900.0,600.0,800.0
2011-02-11,2011,2,11,48.0,740.0,900.0,800.0,820.0
2011-02-12,2011,2,12,40.0,725.0,950.0,820.0,837.0
2011-02-14,2011,2,14,45.0,750.0,937.0,837.0,843.0
2011-02-15,2011,2,15,50.0,700.0,900.0,843.0,800.0
2011-02-17,2011,2,17,62.0,725.0,925.0,800.0,825.0
2011-02-18,2011,2,18,58.0,700.0,900.0,825.0,800.0
2011-02-19,2011,2,19,60.0,740.0,900.0,800.0,820.0
2011-02-21,2011,2,21,54.0,700.0,900.0,820.0,800.0
2011-02-22,2011,2,22,50.0,750.0,950.0,800.0,850.0
2011-02-23,2011,2,23,55.0,650.0,800.0,850.0,725.0
2011-02-24,2011,2,24,48.0,700.0,875.0,725.0,787.0
2011-02-25,2011,2,25,50.0,620.0,800.0,787.0,710.0
2011-02-26,2011,2,26,40.0,650.0,850.0,710.0,750.0
2011-02-28,2011,2,28,35.0,700.0,900.0,750.0,800.0
2011-03-01,2011,3,1,32.0,900.0,1000.0,800.0,950.0
2011-03-03,2011,3,3,36.0,800.0,1000.0,950.0,900.0
2011-03-04,2011,3,4,30.0,850.0,1050.0,900.0,950.0
2011-03-05,2011,3,5,35.0,1000.0,1200.0,950.0,1100.0
2011-03-07,2011,3,7,42.0,800.0,1000.0,1100.0,900.0
2011-03-08,2011,3,8,40.0,850.0,1000.0,900.0,925.0
2011-03-09,2011,3,9,46.0,800.0,950.0,925.0,875.0
2011-03-10,2011,3,10,45.0,800.0,1000.0,875.0,900.0
2011-03-11,2011,3,11,48.0,850.0,1000.0,900.0,925.0
2011-03-12,2011,3,12,50.0,900.0,980.0,925.0,940.0
2011-03-14,2011,3,14,47.0,840.0,950.0,940.0,895.0
2011-03-15,2011,3,15,52.0,800.0,900.0,895.0,850.0
2011-03-16,2011,3,16,48.0,850.0,950.0,850.0,900.0
2011-03-17,2011,3,17,50.0,800.0,900.0,900.0,850.0
2011-03-18,2011,3,18,45.0,900.0,1000.0,850.0,950.0
2011-03-19,2011,3,19,56.0,900.0,1050.0,950.0,975.0
2011-03-21,2011,3,21,30.0,1200.0,1400.0,975.0,1300.0
2011-03-22,2011,3,22,18.0,1500.0,1800.0,1300.0,1650.0
2011-03-23,2011,3,23,25.0,1450.0,1750.0,1650.0,1600.0
2011-03-24,2011,3,24,40.0,1000.0,1200.0,1600.0,1100.0
2011-03-25,2011,3,25,32.0,1000.0,1600.0,1100.0,1300.0
2011-03-26,2011,3,26,35.0,1150.0,1500.0,1300.0,1325.0
2011-03-28,2011,3,28,43.0,1200.0,1400.0,1325.0,1300.0
2011-03-29,2011,3,29,43.0,1200.0,1375.0,1300.0,1287.0
2011-03-30,2011,3,30,30.0,1200.0,1400.0,1287.0,1300.0
2011-03-31,2011,3,31,38.0,1000.0,1200.0,1300.0,1100.0
2011-04-01,2011,4,1,32.0,1050.0,1250.0,1100.0,1150.0
2011-04-02,2011,4,2,36.0,1000.0,1100.0,1150.0,1050.0
2011-04-04,2011,4,4,48.0,950.0,1050.0,1050.0,1000.0
2011-04-05,2011,4,5,50.0,900.0,1000.0,1000.0,950.0
2011-04-06,2011,4,6,52.0,800.0,1000.0,950.0,900.0
2011-04-07,2011,4,7,45.0,750.0,1000.0,900.0,875.0
2011-04-08,2011,4,8,58.0,700.0,950.0,875.0,825.0
2011-04-09,2011,4,9,62.0,700.0,800.0,825.0,750.0
2011-04-11,2011,4,11,70.0,600.0,750.0,750.0,675.0
2011-04-13,2011,4,13,68.0,600.0,700.0,675.0,650.0
2011-04-15,2011,4,15,75.0,350.0,500.0,650.0,425.0
2011-04-18,2011,4,18,84.0,300.0,360.0,425.0,330.0
2011-04-19,2011,4,19,70.0,320.0,380.0,330.0,350.0
2011-04-20,2011,4,20,62.0,340.0,400.0,350.0,370.0
2011-04-21,2011,4,21,65.0,380.0,500.0,370.0,440.0
2011-04-23,2011,4,23,58.0,450.0,540.0,440.0,495.0
2011-04-25,2011,4,25,60.0,400.0,500.0,495.0,450.0
2011-04-26,2011,4,26,52.0,420.0,500.0,450.0,460.0
2011-04-27,2011,4,27,56.0,400.0,480.0,460.0,440.0
2011-04-28,2011,4,28,48.0,400.0,500.0,440.0,450.0
2011-04-29,2011,4,29,45.0,420.0,500.0,450.0,460.0
2011-04-30,2011,4,30,40.0,450.0,550.0,460.0,500.0
2011-05-02,2011,5,2,46.0,450.0,600.0,500.0,525.0
2011-05-03,2011,5,3,52.0,450.0,550.0,525.0,500.0
2011-05-04,2011,5,4,60.0,400.0,600.0,500.0,500.0
2011-05-05,2011,5,5,58.0,450.0,625.0,500.0,537.0
2011-05-11,2011,5,11,70.0,350.0,500.0,537.0,425.0
2011-05-12,2011,5,12,80.0,300.0,500.0,425.0,400.0
2011-05-13,2011,5,13,68.0,350.0,520.0,400.0,435.0
2011-05-14,2011,5,14,70.0,320.0,500.0,435.0,410.0
2011-05-16,2011,5,16,65.0,300.0,500.0,410.0,400.0
2011-05-18,2011,5,18,80.0,300.0,500.0,400.0,400.0
2011-05-19,2011,5,19,73.0,300.0,450.0,400.0,375.0
2011-05-20,2011,5,20,68.0,325.0,475.0,375.0,400.0
2011-05-21,2011,5,21,70.0,400.0,500.0,400.0,450.0
2011-05-23,2011,5,23,62.0,450.0,550.0,450.0,500.0
2011-05-24,2011,5,24,74.0,300.0,500.0,500.0,400.0
2011-05-25,2011,5,25,80.0,300.0,450.0,400.0,375.0
2011-05-26,2011,5,26,72.0,350.0,450.0,375.0,400.0
2011-05-27,2011,5,27,85.0,300.0,400.0,400.0,350.0
2011-05-28,2011,5,28,76.0,340.0,400.0,350.0,370.0
2011-05-31,2011,5,31,60.0,600.0,800.0,370.0,700.0
2011-12-01,2011,12,1,50.0,950.0,1125.0,700.0,1037.0
2011-12-02,2011,12,2,48.0,975.0,1125.0,1037.0,1050.0
2011-12-03,2011,12,3,53.0,950.0,1050.0,1050.0,1000.0
2011-12-05,2011,12,5,60.0,925.0,1075.0,1000.0,1000.0
2011-12-07,2011,12,7,65.0,800.0,1000.0,1000.0,900.0
2011-12-08,2011,12,8,50.0,950.0,1125.0,900.0,1037.0
2011-12-09,2011,12,9,56.0,900.0,1050.0,1037.0,975.0
2011-12-10,2011,12,10,68.0,800.0,1000.0,975.0,900.0
2011-12-12,2011,12,12,70.0,780.0,970.0,900.0,870.0
2011-12-13,2011,12,13,67.0,750.0,950.0,870.0,850.0
2011-12-14,2011,12,14,72.0,700.0,900.0,850.0,800.0
2011-12-15,2011,12,15,84.0,700.0,800.0,800.0,750.0
2011-12-16,2011,12,16,90.0,600.0,700.0,750.0,650.0
2011-12-17,2011,12,17,85.0,500.0,600.0,650.0,550.0
2011-12-19,2011,12,19,130.0,600.0,800.0,550.0,700.0
2011-12-20,2011,12,20,120.0,700.0,850.0,700.0,800.0
2011-12-21,2011,12,21,150.0,700.0,800.0,800.0,750.0
2011-12-22,2011,12,22,200.0,700.0,800.0,750.0,750.0
2011-12-23,2011,12,23,200.0,550.0,700.0,750.0,650.0
2011-12-24,2011,12,24,250.0,500.0,600.0,650.0,550.0
2011-12-26,2011,12,26,200.0,550.0,650.0,550.0,600.0
2011-12-27,2011,12,27,158.0,580.0,650.0,600.0,615.0
2011-12-28,2011,12,28,132.0,600.0,700.0,615.0,650.0
2011-12-29,2011,12,29,108.0,650.0,750.0,650.0,700.0
2011-12-30,2011,12,30,92.0,600.0,800.0,700.0,700.0
2011-12-31,2011,12,31,85.0,680.0,850.0,700.0,765.0
2012-01-02,2012,1,2,48.0,800.0,1000.0,765.0,900.0
2012-01-03,2012,1,3,45.0,850.0,1000.0,900.0,925.0
2012-01-04,2012,1,4,40.0,875.0,1125.0,925.0,1000.0
2012-01-05,2012,1,5,46.0,900.0,1100.0,1000.0,1000.0
2012-01-06,2012,1,6,52.0,900.0,1000.0,1000.0,950.0
2012-01-07,2012,1,7,55.0,800.0,1000.0,950.0,900.0
2012-01-09,2012,1,9,63.0,700.0,900.0,900.0,800.0
2012-01-10,2012,1,10,65.0,650.0,800.0,800.0,725.0
2012-01-11,2012,1,11,70.0,600.0,800.0,725.0,700.0
2012-01-12,2012,1,12,60.0,630.0,850.0,700.0,740.0
2012-01-13,2012,1,13,58.0,600.0,800.0,740.0,700.0
2012-01-14,2012,1,14,50.0,650.0,800.0,700.0,725.0
2012-01-16,2012,1,16,46.0,700.0,850.0,725.0,775.0
2012-01-17,2012,1,17,53.0,500.0,700.0,775.0,600.0
2012-01-18,2012,1,18,50.0,550.0,700.0,600.0,625.0
2012-01-19,2012,1,19,56.0,500.0,700.0,625.0,600.0
2012-01-20,2012,1,20,60.0,500.0,700.0,600.0,600.0
2012-01-21,2012,1,21,52.0,550.0,750.0,600.0,650.0
2012-01-23,2012,1,23,50.0,600.0,750.0,650.0,675.0
2012-01-24,2012,1,24,54.0,600.0,800.0,675.0,700.0
2012-01-25,2012,1,25,48.0,650.0,800.0,700.0,725.0
2012-01-27,2012,1,27,52.0,650.0,750.0,725.0,700.0
2012-01-28,2012,1,28,50.0,500.0,600.0,700.0,550.0
2012-01-30,2012,1,30,70.0,400.0,500.0,550.0,450.0
2012-01-31,2012,1,31,80.0,400.0,500.0,450.0,450.0
2012-02-01,2012,2,1,60.0,400.0,500.0,450.0,450.0
2012-02-02,2012,2,2,55.0,400.0,500.0,450.0,450.0
2012-02-03,2012,2,3,60.0,400.0,600.0,450.0,500.0
2012-02-04,2012,2,4,50.0,500.0,700.0,500.0,600.0
2012-02-06,2012,2,6,40.0,600.0,800.0,600.0,700.0
2012-02-07,2012,2,7,50.0,500.0,600.0,700.0,550.0
2012-02-08,2012,2,8,40.0,600.0,700.0,550.0,650.0
2012-02-09,2012,2,9,55.0,500.0,700.0,650.0,600.0
2012-02-10,2012,2,10,60.0,500.0,700.0,600.0,600.0
2012-02-11,2012,2,11,50.0,400.0,700.0,600.0,650.0
2012-02-13,2012,2,13,42.0,400.0,600.0,650.0,500.0
2012-02-14,2012,2,14,35.0,500.0,650.0,500.0,600.0
2012-02-15,2012,2,15,50.0,350.0,500.0,600.0,425.0
2012-02-16,2012,2,16,40.0,350.0,500.0,425.0,400.0
2012-02-17,2012,2,17,35.0,350.0,425.0,400.0,400.0
2012-02-21,2012,2,21,42.0,400.0,500.0,400.0,450.0
2012-02-22,2012,2,22,48.0,450.0,550.0,450.0,500.0
2012-02-23,2012,2,23,50.0,400.0,600.0,500.0,500.0
2012-02-24,2012,2,24,45.0,500.0,575.0,500.0,537.0
2012-02-25,2012,2,25,48.0,520.0,600.0,537.0,560.0
2012-02-27,2012,2,27,50.0,520.0,680.0,560.0,650.0
2012-02-28,2012,2,28,52.0,550.0,650.0,650.0,600.0
2012-02-29,2012,2,29,48.0,600.0,675.0,600.0,637.0
2012-03-01,2012,3,1,50.0,500.0,700.0,637.0,600.0
2012-03-02,2012,3,2,60.0,450.0,600.0,600.0,525.0
2012-03-03,2012,3,3,50.0,400.0,500.0,525.0,450.0
2012-03-05,2012,3,5,45.0,400.0,500.0,450.0,450.0
2012-03-06,2012,3,6,36.0,400.0,500.0,450.0,450.0
2012-03-07,2012,3,7,20.0,600.0,800.0,450.0,700.0
2012-03-09,2012,3,9,12.0,700.0,850.0,700.0,775.0
2012-03-10,2012,3,10,20.0,700.0,800.0,775.0,750.0
2012-03-12,2012,3,12,20.0,700.0,800.0,750.0,750.0
2012-03-13,2012,3,13,8.0,1100.0,1400.0,750.0,1300.0
2012-03-14,2012,3,14,10.0,1400.0,2000.0,1300.0,1700.0
2012-03-15,2012,3,15,14.0,1500.0,2000.0,1700.0,1800.0
2012-03-16,2012,3,16,15.0,1500.0,1900.0,1800.0,1700.0
2012-03-17,2012,3,17,25.0,1400.0,1650.0,1700.0,1550.0
2012-03-19,2012,3,19,20.0,1200.0,1600.0,1550.0,1400.0
2012-03-20,2012,3,20,20.0,1400.0,1600.0,1400.0,1500.0
2012-03-21,2012,3,21,16.0,1500.0,1800.0,1500.0,1650.0
2012-03-22,2012,3,22,18.0,1600.0,2000.0,1650.0,1800.0
2012-03-23,2012,3,23,20.0,2000.0,2200.0,1800.0,2100.0
2012-03-24,2012,3,24,18.0,1800.0,2000.0,2100.0,1900.0
2012-03-26,2012,3,26,10.0,2000.0,2200.0,1900.0,2100.0
2012-03-27,2012,3,27,16.0,1500.0,1800.0,2100.0,1650.0
2012-03-28,2012,3,28,17.0,1400.0,1800.0,1650.0,1600.0
2012-03-29,2012,3,29,15.0,1400.0,1800.0,1600.0,1600.0
2012-03-30,2012,3,30,14.0,1400.0,1800.0,1600.0,1600.0
2012-03-31,2012,3,31,12.0,1600.0,1800.0,1600.0,1700.0
2012-11-21,2012,11,21,0.0,1400.0,1600.0,1700.0,1500.0
2012-11-22,2012,11,22,0.0,1450.0,1650.0,1500.0,1550.0
2012-11-23,2012,11,23,0.0,1400.0,1600.0,1550.0,1500.0
2012-11-24,2012,11,24,0.0,1500.0,1700.0,1500.0,1600.0
2012-11-26,2012,11,26,0.0,1400.0,1600.0,1600.0,1500.0
2012-11-27,2012,11,27,0.0,1300.0,1500.0,1500.0,1400.0
2012-11-29,2012,11,29,0.0,1100.0,1300.0,1400.0,1200.0
2012-11-30,2012,11,30,0.0,1000.0,1300.0,1200.0,1200.0
2012-12-01,2012,12,1,75.0,1000.0,1200.0,1200.0,1100.0
2012-12-03,2012,12,3,80.0,1000.0,1200.0,1100.0,1100.0
2012-12-04,2012,12,4,83.0,1050.0,1250.0,1100.0,1150.0
2012-12-05,2012,12,5,75.0,1000.0,1200.0,1150.0,1100.0
2012-12-06,2012,12,6,68.0,1000.0,1200.0,1100.0,1100.0
2012-12-07,2012,12,7,80.0,1000.0,1200.0,1100.0,1100.0
2012-12-08,2012,12,8,85.0,1000.0,1200.0,1100.0,1100.0
2012-12-10,2012,12,10,80.0,1000.0,1200.0,1100.0,1100.0
2012-12-11,2012,12,11,100.0,800.0,1100.0,1100.0,950.0
2012-12-12,2012,12,12,110.0,800.0,1100.0,950.0,950.0
2012-12-13,2012,12,13,100.0,800.0,1000.0,950.0,900.0
2012-12-14,2012,12,14,90.0,800.0,1000.0,900.0,900.0
2012-12-15,2012,12,15,100.0,800.0,900.0,900.0,850.0
2012-12-17,2012,12,17,82.0,825.0,945.0,850.0,885.0
2012-12-18,2012,12,18,90.0,800.0,900.0,885.0,850.0
2012-12-19,2012,12,19,100.0,700.0,900.0,850.0,800.0
2012-12-20,2012,12,20,120.0,750.0,850.0,800.0,800.0
2012-12-21,2012,12,21,125.0,700.0,800.0,800.0,750.0
2012-12-22,2012,12,22,150.0,70.0,800.0,750.0,750.0
2012-12-24,2012,12,24,142.0,700.0,800.0,750.0,750.0
2012-12-26,2012,12,26,130.0,800.0,1000.0,750.0,900.0
2012-12-27,2012,12,27,125.0,800.0,1000.0,900.0,900.0
2012-12-28,2012,12,28,150.0,700.0,900.0,900.0,800.0
2012-12-29,2012,12,29,132.0,800.0,1000.0,800.0,900.0
2012-12-31,2012,12,31,126.0,850.0,1000.0,900.0,925.0
2013-01-01,2013,1,1,100.0,875.0,1125.0,925.0,1000.0
2013-01-02,2013,1,2,130.0,800.0,1000.0,1000.0,900.0
2013-01-03,2013,1,3,135.0,800.0,950.0,900.0,875.0
2013-01-04,2013,1,4,125.0,800.0,900.0,875.0,850.0
2013-01-05,2013,1,5,90.0,1000.0,1100.0,850.0,1050.0
2013-01-09,2013,1,9,100.0,1000.0,1100.0,1050.0,1050.0
2013-01-10,2013,1,10,80.0,1100.0,1200.0,1050.0,1150.0
2013-01-11,2013,1,11,70.0,1200.0,1350.0,1150.0,1275.0
2013-01-12,2013,1,12,75.0,1200.0,1300.0,1275.0,1250.0
2013-01-14,2013,1,14,80.0,1200.0,1350.0,1250.0,1275.0
2013-01-15,2013,1,15,75.0,1200.0,1300.0,1275.0,1250.0
2013-01-16,2013,1,16,85.0,1200.0,1300.0,1250.0,1250.0
2013-01-17,2013,1,17,75.0,1200.0,1350.0,1250.0,1275.0
2013-01-18,2013,1,18,80.0,1100.0,1300.0,1275.0,1200.0
2013-01-19,2013,1,19,75.0,1000.0,1300.0,1200.0,1200.0
2013-01-21,2013,1,21,85.0,1000.0,1200.0,1200.0,1100.0
2013-01-22,2013,1,22,75.0,1000.0,1200.0,1100.0,1100.0
2013-01-23,2013,1,23,87.0,800.0,1000.0,1100.0,900.0
2013-01-24,2013,1,24,75.0,800.0,1000.0,900.0,900.0
2013-01-28,2013,1,28,80.0,700.0,1000.0,900.0,850.0
2013-01-29,2013,1,29,70.0,850.0,1050.0,850.0,950.0
2013-01-30,2013,1,30,90.0,800.0,1000.0,950.0,900.0
2013-01-31,2013,1,31,85.0,800.0,1000.0,900.0,900.0
2013-02-01,2013,2,1,80.0,700.0,1000.0,900.0,850.0
2013-02-02,2013,2,2,93.0,800.0,1000.0,850.0,900.0
2013-02-04,2013,2,4,90.0,750.0,900.0,900.0,825.0
2013-02-05,2013,2,5,72.0,800.0,950.0,825.0,875.0
2013-02-06,2013,2,6,83.0,750.0,900.0,875.0,825.0
2013-02-07,2013,2,7,90.0,700.0,900.0,825.0,800.0
2013-02-08,2013,2,8,72.0,750.0,1000.0,800.0,875.0
2013-02-09,2013,2,9,80.0,825.0,950.0,875.0,887.0
2013-02-11,2013,2,11,75.0,875.0,975.0,887.0,925.0
2013-02-12,2013,2,12,70.0,925.0,1000.0,925.0,960.0
2013-02-13,2013,2,13,85.0,800.0,900.0,960.0,850.0
2013-02-14,2013,2,14,90.0,750.0,850.0,850.0,800.0
2013-02-15,2013,2,15,83.0,800.0,900.0,800.0,850.0
2013-02-16,2013,2,16,70.0,800.0,900.0,850.0,850.0
2013-02-18,2013,2,18,72.0,800.0,1000.0,850.0,900.0
2013-02-19,2013,2,19,80.0,800.0,1000.0,900.0,900.0
2013-02-20,2013,2,20,70.0,800.0,1000.0,900.0,900.0
2013-02-21,2013,2,21,77.0,800.0,900.0,900.0,850.0
2013-02-22,2013,2,22,85.0,800.0,900.0,850.0,850.0
2013-02-23,2013,2,23,100.0,700.0,800.0,850.0,750.0
2013-02-25,2013,2,25,86.0,785.0,875.0,750.0,830.0
2013-02-26,2013,2,26,75.0,800.0,900.0,830.0,850.0
2013-02-27,2013,2,27,60.0,1000.0,1200.0,850.0,1100.0
2013-02-28,2013,2,28,70.0,900.0,1200.0,1100.0,1050.0
2013-03-01,2013,3,1,60.0,900.0,1100.0,1050.0,1000.0
2013-03-02,2013,3,2,70.0,900.0,1000.0,1000.0,950.0
2013-03-04,2013,3,4,75.0,800.0,1000.0,950.0,900.0
2013-03-05,2013,3,5,65.0,800.0,1000.0,900.0,900.0
2013-03-06,2013,3,6,50.0,1000.0,1200.0,900.0,1100.0
2013-03-07,2013,3,7,47.0,1000.0,1100.0,1100.0,1050.0
2013-03-08,2013,3,8,45.0,1100.0,1200.0,1050.0,1150.0
2013-03-09,2013,3,9,50.0,1000.0,1200.0,1150.0,1100.0
2013-03-11,2013,3,11,60.0,1000.0,1200.0,1100.0,1100.0
2013-03-12,2013,3,12,52.0,1050.0,1250.0,1100.0,1150.0
2013-03-13,2013,3,13,65.0,900.0,1100.0,1150.0,1000.0
2013-03-14,2013,3,14,50.0,1000.0,1100.0,1000.0,1050.0
2013-03-15,2013,3,15,40.0,1000.0,1200.0,1050.0,1100.0
2013-03-16,2013,3,16,50.0,800.0,1000.0,1100.0,900.0
2013-03-18,2013,3,18,48.0,800.0,1000.0,900.0,900.0
2013-03-19,2013,3,19,60.0,700.0,900.0,900.0,800.0
2013-03-20,2013,3,20,50.0,800.0,900.0,800.0,850.0
2013-03-21,2013,3,21,45.0,800.0,900.0,850.0,850.0
2013-03-22,2013,3,22,25.0,700.0,800.0,850.0,750.0
2013-03-23,2013,3,23,30.0,700.0,800.0,750.0,750.0
2013-03-25,2013,3,25,32.0,750.0,850.0,750.0,800.0
2013-03-26,2013,3,26,40.0,725.0,825.0,800.0,775.0
2013-03-28,2013,3,28,30.0,700.0,800.0,775.0,750.0
2013-03-30,2013,3,30,24.0,800.0,900.0,750.0,850.0
2013-05-06,2013,5,6,42.0,900.0,1000.0,850.0,950.0
2013-05-07,2013,5,7,48.0,800.0,1000.0,950.0,900.0
2013-05-08,2013,5,8,40.0,850.0,1050.0,900.0,950.0
2013-05-09,2013,5,9,36.0,900.0,1150.0,950.0,1025.0
2013-05-10,2013,5,10,32.0,900.0,1200.0,1025.0,1050.0
2013-05-11,2013,5,11,38.0,875.0,1175.0,1050.0,1025.0
2013-05-13,2013,5,13,35.0,900.0,1200.0,1025.0,1050.0
2013-05-14,2013,5,14,30.0,950.0,1250.0,1050.0,1100.0
2013-05-15,2013,5,15,33.0,1000.0,1400.0,1100.0,1150.0
2013-05-16,2013,5,16,25.0,1000.0,1200.0,1150.0,1100.0
2013-05-17,2013,5,17,20.0,1000.0,1200.0,1100.0,1100.0
2013-05-18,2013,5,18,16.0,1000.0,1200.0,1100.0,1100.0
2013-05-20,2013,5,20,12.0,1100.0,1200.0,1100.0,1150.0
2013-05-21,2013,5,21,16.0,1000.0,1200.0,1150.0,1100.0
2013-05-22,2013,5,22,12.0,1000.0,1400.0,1100.0,1200.0
2013-05-23,2013,5,23,8.0,1200.0,1400.0,1200.0,1300.0
2013-05-24,2013,5,24,7.0,1300.0,1500.0,1300.0,1400.0
2013-05-27,2013,5,27,10.0,1200.0,1400.0,1400.0,1300.0
2013-05-28,2013,5,28,12.0,1200.0,1400.0,1300.0,1300.0
2013-05-29,2013,5,29,20.0,1000.0,1200.0,1300.0,1100.0
2013-05-30,2013,5,30,12.0,1200.0,1500.0,1100.0,1350.0
2013-10-08,2013,10,8,0.0,2000.0,2400.0,1350.0,2200.0
2013-10-09,2013,10,9,0.0,200.0,2500.0,2200.0,2250.0
2013-10-10,2013,10,10,0.0,2000.0,2200.0,2250.0,2100.0
2013-10-11,2013,10,11,0.0,2000.0,2200.0,2100.0,2100.0
2013-10-12,2013,10,12,0.0,2400.0,2600.0,2100.0,2500.0
2013-10-14,2013,10,14,0.0,2200.0,2500.0,2500.0,2350.0
2013-10-15,2013,10,15,0.0,2400.0,2600.0,2350.0,2500.0
2013-10-17,2013,10,17,0.0,2000.0,2200.0,2500.0,2100.0
2013-10-18,2013,10,18,0.0,1800.0,2000.0,2100.0,1900.0
2013-10-19,2013,10,19,0.0,1700.0,2000.0,1900.0,1850.0
2013-10-21,2013,10,21,0.0,1800.0,2200.0,1850.0,2000.0
2013-10-22,2013,10,22,0.0,1600.0,2000.0,2000.0,1800.0
2013-10-23,2013,10,23,0.0,2000.0,2500.0,1800.0,2250.0
2013-10-24,2013,10,24,0.0,2200.0,2500.0,2250.0,2350.0
2013-10-25,2013,10,25,0.0,2250.0,2750.0,2350.0,2500.0
2013-10-26,2013,10,26,0.0,2200.0,2600.0,2500.0,2400.0
2013-10-29,2013,10,29,0.0,2250.0,2650.0,2400.0,2450.0
2013-10-30,2013,10,30,0.0,2500.0,3000.0,2450.0,2750.0
2013-10-31,2013,10,31,0.0,2800.0,3200.0,2750.0,3000.0
2013-11-01,2013,11,1,0.0,2850.0,3250.0,3000.0,3050.0
2013-11-02,2013,11,2,0.0,2600.0,3000.0,3050.0,2800.0
2013-11-05,2013,11,5,0.0,2500.0,3000.0,2800.0,2750.0
2013-11-06,2013,11,6,0.0,3000.0,3500.0,2750.0,3250.0
2013-11-07,2013,11,7,0.0,3250.0,3650.0,3250.0,3450.0
2013-11-08,2013,11,8,0.0,4000.0,4500.0,3450.0,4250.0
2013-11-09,2013,11,9,0.0,4500.0,5000.0,4250.0,4750.0
2013-11-11,2013,11,11,0.0,4400.0,5000.0,4750.0,4700.0
2013-11-12,2013,11,12,0.0,4500.0,5200.0,4700.0,4850.0
2013-11-13,2013,11,13,0.0,4600.0,5000.0,4850.0,4800.0
2013-11-14,2013,11,14,0.0,4500.0,5000.0,4800.0,4750.0
2013-11-16,2013,11,16,0.0,4400.0,4800.0,4750.0,4600.0
2013-11-18,2013,11,18,0.0,4200.0,4600.0,4600.0,4500.0
2013-11-19,2013,11,19,0.0,4250.0,4750.0,4500.0,4550.0
2013-11-20,2013,11,20,0.0,4500.0,5000.0,4550.0,4750.0
2013-11-21,2013,11,21,0.0,4200.0,5000.0,4750.0,4600.0
2013-11-22,2013,11,22,0.0,4800.0,5500.0,4600.0,5150.0
2013-11-23,2013,11,23,0.0,5000.0,5800.0,5150.0,5400.0
2013-11-25,2013,11,25,0.0,5400.0,6000.0,5400.0,5700.0
2013-11-26,2013,11,26,0.0,4500.0,5000.0,5700.0,4750.0
2013-11-27,2013,11,27,0.0,4200.0,4800.0,4750.0,4500.0
2013-11-28,2013,11,28,0.0,4250.0,4750.0,4500.0,4500.0
2013-11-29,2013,11,29,0.0,3600.0,4000.0,4500.0,3800.0
2013-11-30,2013,11,30,0.0,3200.0,3800.0,3800.0,3500.0
2013-12-02,2013,12,2,0.0,3400.0,4000.0,3500.0,3700.0
2013-12-03,2013,12,3,0.0,3450.0,3650.0,3700.0,3550.0
2013-12-04,2013,12,4,0.0,2600.0,3000.0,3550.0,2800.0
2013-12-05,2013,12,5,0.0,2500.0,3000.0,2800.0,2750.0
2013-12-06,2013,12,6,0.0,2600.0,3000.0,2750.0,2800.0
2013-12-07,2013,12,7,0.0,2500.0,2800.0,2800.0,2650.0
2013-12-09,2013,12,9,0.0,2400.0,2800.0,2650.0,2600.0
2013-12-10,2013,12,10,0.0,2450.0,2750.0,2600.0,2600.0
2013-12-11,2013,12,11,0.0,2400.0,2600.0,2600.0,2500.0
2013-12-12,2013,12,12,0.0,2200.0,2400.0,2500.0,2300.0
2013-12-13,2013,12,13,0.0,2250.0,2450.0,2300.0,2350.0
2013-12-14,2013,12,14,0.0,2200.0,2400.0,2350.0,2300.0
2013-12-16,2013,12,16,0.0,2000.0,2300.0,2300.0,2150.0
2013-12-17,2013,12,17,0.0,2100.0,2300.0,2150.0,2200.0
2013-12-18,2013,12,18,0.0,2050.0,2250.0,2200.0,2150.0
2013-12-19,2013,12,19,0.0,2000.0,2200.0,2150.0,2100.0
2013-12-20,2013,12,20,0.0,2100.0,2300.0,2100.0,2200.0
2013-12-21,2013,12,21,0.0,2150.0,2350.0,2200.0,2250.0
2013-12-23,2013,12,23,0.0,2000.0,2200.0,2250.0,2100.0
2013-12-24,2013,12,24,100.0,1400.0,1800.0,2100.0,1600.0
2013-12-26,2013,12,26,130.0,1300.0,1500.0,1600.0,1400.0
2013-12-27,2013,12,27,150.0,1200.0,1400.0,1400.0,1300.0
2013-12-28,2013,12,28,140.0,1100.0,1300.0,1300.0,1200.0
2013-12-30,2013,12,30,160.0,1000.0,1200.0,1200.0,1100.0
2013-12-31,2013,12,31,142.0,1000.0,1200.0,1100.0,1100.0
2014-01-01,2014,1,1,50.0,1000.0,1150.0,1100.0,1075.0
2014-01-02,2014,1,2,70.0,900.0,1100.0,1075.0,1000.0
2014-01-03,2014,1,3,60.0,1000.0,1150.0,1000.0,1075.0
2014-01-04,2014,1,4,50.0,1000.0,1200.0,1075.0,1100.0
2014-01-06,2014,1,6,30.0,1400.0,1600.0,1100.0,1500.0
2014-01-07,2014,1,7,32.0,1600.0,1700.0,1500.0,1650.0
2014-01-08,2014,1,8,48.0,1300.0,1400.0,1650.0,1350.0
2014-01-09,2014,1,9,60.0,1200.0,1350.0,1350.0,1275.0
2014-01-10,2014,1,10,54.0,1200.0,1300.0,1275.0,1250.0
2014-01-11,2014,1,11,60.0,1200.0,1400.0,1250.0,1300.0
2014-01-13,2014,1,13,45.0,1200.0,1500.0,1300.0,1350.0
2014-01-15,2014,1,15,65.0,1000.0,1200.0,1350.0,1100.0
2014-01-16,2014,1,16,50.0,1200.0,1400.0,1100.0,1300.0
2014-01-17,2014,1,17,60.0,1000.0,1200.0,1300.0,1100.0
2014-01-18,2014,1,18,50.0,1000.0,1200.0,1100.0,1100.0
2014-01-20,2014,1,20,52.0,1050.0,1200.0,1100.0,1125.0
2014-01-21,2014,1,21,48.0,1050.0,1250.0,1125.0,1150.0
2014-01-22,2014,1,22,42.0,1200.0,1400.0,1150.0,1300.0
2014-01-23,2014,1,23,40.0,1200.0,1400.0,1300.0,1300.0
2014-01-24,2014,1,24,50.0,1100.0,1300.0,1300.0,1200.0
2014-01-25,2014,1,25,70.0,1000.0,1100.0,1200.0,1050.0
2014-01-27,2014,1,27,80.0,800.0,1000.0,1050.0,900.0
2014-01-28,2014,1,28,70.0,800.0,1000.0,900.0,900.0
2014-01-29,2014,1,29,78.0,700.0,900.0,900.0,800.0
2014-01-30,2014,1,30,65.0,800.0,900.0,800.0,850.0
2014-01-31,2014,1,31,60.0,800.0,1000.0,850.0,900.0
2014-02-01,2014,2,1,55.0,800.0,1000.0,900.0,900.0
2014-02-03,2014,2,3,60.0,800.0,1000.0,900.0,900.0
2014-02-04,2014,2,4,70.0,800.0,1000.0,900.0,900.0
2014-02-05,2014,2,5,73.0,800.0,950.0,900.0,875.0
2014-02-06,2014,2,6,60.0,1000.0,1100.0,875.0,1050.0
2014-02-07,2014,2,7,65.0,900.0,1000.0,1050.0,950.0
2014-02-08,2014,2,8,60.0,900.0,1000.0,950.0,950.0
2014-02-10,2014,2,10,56.0,950.0,1050.0,950.0,1000.0
2014-02-11,2014,2,11,50.0,900.0,1200.0,1000.0,1050.0
2014-02-12,2014,2,12,48.0,1000.0,1200.0,1050.0,1100.0
2014-02-13,2014,2,13,45.0,1050.0,1250.0,1100.0,1150.0
2014-02-14,2014,2,14,60.0,800.0,1100.0,1150.0,950.0
2014-02-15,2014,2,15,50.0,1000.0,1300.0,950.0,1150.0
2014-02-17,2014,2,17,58.0,1000.0,1250.0,1150.0,1125.0
2014-02-18,2014,2,18,60.0,1000.0,1200.0,1125.0,1100.0
2014-02-19,2014,2,19,52.0,1100.0,1300.0,1100.0,1200.0
2014-02-20,2014,2,20,50.0,1125.0,1275.0,1200.0,1200.0
2014-02-21,2014,2,21,62.0,1000.0,1200.0,1200.0,1100.0
2014-02-22,2014,2,22,53.0,1050.0,1250.0,1100.0,1150.0
2014-02-24,2014,2,24,62.0,1000.0,1200.0,1150.0,1100.0
2014-02-25,2014,2,25,50.0,1150.0,1350.0,1100.0,1250.0
2014-02-26,2014,2,26,58.0,1100.0,1300.0,1250.0,1200.0
2014-02-27,2014,2,27,60.0,1150.0,1250.0,1200.0,1200.0
2014-02-28,2014,2,28,52.0,1000.0,1200.0,1200.0,1100.0
2014-03-01,2014,3,1,45.0,1000.0,1200.0,1100.0,1100.0
2014-03-03,2014,3,3,52.0,1000.0,1300.0,1100.0,1200.0
2014-03-04,2014,3,4,42.0,1100.0,1400.0,1200.0,1250.0
2014-03-05,2014,3,5,58.0,1000.0,1200.0,1250.0,1100.0
2014-03-06,2014,3,6,55.0,1100.0,1300.0,1100.0,1200.0
2014-03-07,2014,3,7,50.0,1000.0,1400.0,1200.0,1200.0
2014-03-08,2014,3,8,58.0,1100.0,1300.0,1200.0,1200.0
2014-03-10,2014,3,10,40.0,1000.0,1500.0,1200.0,1250.0
2014-03-11,2014,3,11,38.0,1000.0,1400.0,1250.0,1200.0
2014-03-12,2014,3,12,40.0,1100.0,1400.0,1200.0,1250.0
2014-03-13,2014,3,13,35.0,1100.0,1500.0,1250.0,1300.0
2014-03-14,2014,3,14,36.0,1200.0,1500.0,1300.0,1350.0
2014-03-15,2014,3,15,30.0,1200.0,1600.0,1350.0,1400.0
2014-03-18,2014,3,18,10.0,1000.0,1200.0,1400.0,1100.0
2014-03-19,2014,3,19,12.0,1000.0,1200.0,1100.0,1100.0
2014-03-20,2014,3,20,14.0,1100.0,1200.0,1100.0,1150.0
2014-03-21,2014,3,21,11.0,1100.0,1250.0,1150.0,1125.0
2014-03-22,2014,3,22,12.0,1100.0,1400.0,1125.0,1200.0
2014-03-24,2014,3,24,14.0,1000.0,1200.0,1200.0,1100.0
2014-03-25,2014,3,25,15.0,950.0,1200.0,1100.0,1060.0
2014-03-26,2014,3,26,16.0,1000.0,1200.0,1060.0,1100.0
2014-03-27,2014,3,27,15.0,1050.0,1250.0,1100.0,1150.0
2014-03-28,2014,3,28,13.0,1100.0,1300.0,1150.0,1200.0
2014-03-29,2014,3,29,14.0,1200.0,1300.0,1200.0,1250.0
2014-03-31,2014,3,31,15.0,1100.0,1300.0,1250.0,1200.0
2014-04-01,2014,4,1,13.0,1100.0,1300.0,1200.0,1200.0
2014-04-02,2014,4,2,15.0,1000.0,1200.0,1200.0,1100.0
2014-04-03,2014,4,3,16.0,1050.0,1250.0,1100.0,1150.0
2014-04-04,2014,4,4,15.0,1000.0,1200.0,1150.0,1100.0
2014-04-05,2014,4,5,18.0,1000.0,1250.0,1100.0,1125.0
2014-04-07,2014,4,7,23.0,1100.0,1400.0,1125.0,1200.0
2014-04-09,2014,4,9,22.0,1300.0,1550.0,1200.0,1400.0
2014-04-10,2014,4,10,20.0,1400.0,1650.0,1400.0,1500.0
2014-04-11,2014,4,11,21.0,1400.0,1650.0,1500.0,1500.0
2014-04-12,2014,4,12,18.0,1600.0,1800.0,1500.0,1700.0
2014-04-15,2014,4,15,15.0,1600.0,1800.0,1700.0,1700.0
2014-04-16,2014,4,16,21.0,1500.0,1700.0,1700.0,1600.0
2014-04-17,2014,4,17,24.0,1450.0,1650.0,1600.0,1530.0
2014-04-19,2014,4,19,26.0,1400.0,1600.0,1530.0,1500.0
2014-04-21,2014,4,21,25.0,1500.0,1700.0,1500.0,1600.0
2014-04-22,2014,4,22,16.0,1300.0,1600.0,1600.0,1450.0
2014-04-23,2014,4,23,18.0,1300.0,1700.0,1450.0,1500.0
2014-04-24,2014,4,24,12.0,1400.0,1800.0,1500.0,1600.0
2014-04-25,2014,4,25,37.0,1300.0,1550.0,1600.0,1450.0
2014-04-26,2014,4,26,48.0,1000.0,1200.0,1450.0,1100.0
2014-04-28,2014,4,28,28.0,1100.0,1400.0,1100.0,1250.0
2014-04-29,2014,4,29,22.0,1100.0,1450.0,1250.0,1300.0
2014-05-01,2014,5,1,30.0,1200.0,1400.0,1300.0,1300.0
2014-05-02,2014,5,2,29.0,800.0,1200.0,1300.0,1000.0
2014-05-03,2014,5,3,30.0,800.0,1000.0,1000.0,900.0
2014-05-05,2014,5,5,38.0,850.0,1100.0,900.0,1000.0
2014-05-06,2014,5,6,42.0,900.0,1100.0,1000.0,1000.0
2014-05-07,2014,5,7,39.0,950.0,1200.0,1000.0,1075.0
2014-05-08,2014,5,8,36.0,950.0,1200.0,1075.0,1100.0
2014-05-09,2014,5,9,34.0,950.0,1200.0,1100.0,1100.0
2014-05-10,2014,5,10,36.0,800.0,900.0,1100.0,850.0
2014-05-12,2014,5,12,40.0,700.0,800.0,850.0,750.0
2014-05-13,2014,5,13,35.0,700.0,800.0,750.0,750.0
2014-05-15,2014,5,15,52.0,650.0,800.0,750.0,725.0
2014-05-16,2014,5,16,64.0,500.0,700.0,725.0,600.0
2014-05-17,2014,5,17,70.0,500.0,600.0,600.0,550.0
2014-05-19,2014,5,19,82.0,450.0,550.0,550.0,500.0
2014-05-20,2014,5,20,87.0,400.0,500.0,500.0,450.0
2014-05-21,2014,5,21,73.0,440.0,520.0,450.0,480.0
2014-05-22,2014,5,22,75.0,380.0,500.0,480.0,440.0
2014-05-23,2014,5,23,68.0,360.0,500.0,440.0,430.0
2014-05-24,2014,5,24,57.0,400.0,500.0,430.0,450.0
2014-05-26,2014,5,26,62.0,360.0,480.0,450.0,420.0
2014-05-27,2014,5,27,53.0,450.0,700.0,420.0,575.0
2014-05-28,2014,5,28,56.0,450.0,650.0,575.0,550.0
2014-05-29,2014,5,29,52.0,600.0,800.0,550.0,700.0
2014-05-30,2014,5,30,48.0,750.0,950.0,700.0,850.0
2014-05-31,2014,5,31,47.0,800.0,900.0,850.0,850.0
2014-06-02,2014,6,2,58.0,700.0,900.0,850.0,800.0
2014-06-03,2014,6,3,55.0,750.0,950.0,800.0,850.0
2014-06-04,2014,6,4,56.0,700.0,900.0,850.0,800.0
2014-06-05,2014,6,5,60.0,650.0,850.0,800.0,750.0
2014-06-06,2014,6,6,62.0,600.0,800.0,750.0,700.0
2014-06-07,2014,6,7,50.0,700.0,1000.0,700.0,900.0
2014-06-09,2014,6,9,50.0,800.0,1000.0,900.0,900.0
2014-06-10,2014,6,10,42.0,1200.0,1400.0,900.0,1300.0
2014-06-11,2014,6,11,45.0,1200.0,1500.0,1300.0,1350.0
2014-06-12,2014,6,12,40.0,1300.0,1500.0,1350.0,1400.0
2014-06-13,2014,6,13,52.0,1100.0,1400.0,1400.0,1250.0
2014-06-14,2014,6,14,60.0,1150.0,1350.0,1250.0,1250.0
2014-06-16,2014,6,16,53.0,1300.0,1500.0,1250.0,1400.0
2014-06-17,2014,6,17,68.0,1400.0,1600.0,1400.0,1500.0
2014-06-18,2014,6,18,50.0,1250.0,1550.0,1500.0,1400.0
2014-06-19,2014,6,19,56.0,1300.0,1500.0,1400.0,1400.0
2014-06-20,2014,6,20,54.0,1200.0,1500.0,1400.0,1350.0
2014-06-21,2014,6,21,60.0,1250.0,1450.0,1350.0,1350.0
2014-06-23,2014,6,23,67.0,1200.0,1400.0,1350.0,1300.0
2014-06-24,2014,6,24,65.0,1000.0,1400.0,1300.0,1200.0
2014-06-25,2014,6,25,57.0,1200.0,1500.0,1200.0,1350.0
2014-06-26,2014,6,26,50.0,1250.0,1450.0,1350.0,1350.0
2014-06-27,2014,6,27,54.0,1100.0,1500.0,1350.0,1300.0
2014-06-28,2014,6,28,60.0,1200.0,1600.0,1300.0,1400.0
2014-06-30,2014,6,30,65.0,1300.0,1500.0,1400.0,1400.0
2014-07-01,2014,7,1,56.0,1200.0,1600.0,1400.0,1400.0
2014-07-02,2014,7,2,40.0,1500.0,2000.0,1400.0,1750.0
2014-11-01,2014,11,1,62.0,1400.0,1700.0,1750.0,1550.0
2014-11-05,2014,11,5,65.0,1200.0,1550.0,1550.0,1425.0
2014-11-07,2014,11,7,60.0,1100.0,1400.0,1425.0,1250.0
2014-11-08,2014,11,8,56.0,1200.0,1450.0,1250.0,1350.0
2014-11-10,2014,11,10,52.0,1300.0,1500.0,1350.0,1400.0
2014-11-11,2014,11,11,60.0,1200.0,1400.0,1400.0,1300.0
2014-11-12,2014,11,12,65.0,1000.0,1400.0,1300.0,1250.0
2014-11-13,2014,11,13,68.0,1000.0,1400.0,1250.0,1200.0
2014-11-14,2014,11,14,60.0,1150.0,1450.0,1200.0,1300.0
2014-11-15,2014,11,15,63.0,1200.0,1400.0,1300.0,1300.0
2014-11-17,2014,11,17,60.0,1300.0,1500.0,1300.0,1400.0
2014-11-18,2014,11,18,70.0,1200.0,1400.0,1400.0,1300.0
2014-11-20,2014,11,20,75.0,1100.0,1300.0,1300.0,1200.0
2014-11-21,2014,11,21,68.0,1200.0,1400.0,1200.0,1300.0
2014-11-22,2014,11,22,60.0,1250.0,1450.0,1300.0,1350.0
2014-11-25,2014,11,25,56.0,1200.0,1500.0,1350.0,1350.0
2014-11-26,2014,11,26,50.0,1300.0,1600.0,1350.0,1450.0
2014-11-27,2014,11,27,52.0,1400.0,1800.0,1450.0,1600.0
2014-11-28,2014,11,28,56.0,1450.0,1750.0,1600.0,1600.0
2014-12-01,2014,12,1,50.0,1400.0,1800.0,1600.0,1600.0
2014-12-02,2014,12,2,48.0,1500.0,1800.0,1600.0,1650.0
2014-12-03,2014,12,3,45.0,1600.0,1850.0,1650.0,1725.0
2014-12-04,2014,12,4,52.0,1500.0,1700.0,1725.0,1600.0
2014-12-05,2014,12,5,60.0,1450.0,1650.0,1600.0,1550.0
2014-12-06,2014,12,6,65.0,1400.0,1600.0,1550.0,1500.0
2014-12-09,2014,12,9,60.0,1600.0,1800.0,1500.0,1700.0
2014-12-10,2014,12,10,65.0,1500.0,1700.0,1700.0,1600.0
2014-12-11,2014,12,11,58.0,1600.0,1800.0,1600.0,1700.0
2014-12-12,2014,12,12,60.0,1450.0,1750.0,1700.0,1600.0
2014-12-15,2014,12,15,50.0,1600.0,1800.0,1600.0,1700.0
2014-12-16,2014,12,16,43.0,2000.0,2400.0,1700.0,2200.0
2014-12-17,2014,12,17,48.0,1600.0,2200.0,2200.0,1900.0
2014-12-18,2014,12,18,42.0,1850.0,2350.0,1900.0,2050.0
2014-12-19,2014,12,19,45.0,1800.0,2200.0,2050.0,2000.0
2014-12-20,2014,12,20,56.0,1500.0,1800.0,2000.0,1650.0
2014-12-22,2014,12,22,63.0,1400.0,1600.0,1650.0,1500.0
2014-12-23,2014,12,23,66.0,1300.0,1500.0,1500.0,1400.0
2014-12-24,2014,12,24,72.0,1200.0,1500.0,1400.0,1350.0
2014-12-26,2014,12,26,70.0,1100.0,1400.0,1350.0,1250.0
2014-12-27,2014,12,27,63.0,1600.0,2000.0,1250.0,1800.0
2014-12-29,2014,12,29,58.0,1800.0,2300.0,1800.0,2100.0
2014-12-30,2014,12,30,55.0,2000.0,2400.0,2100.0,2200.0
2014-12-31,2014,12,31,50.0,2150.0,2450.0,2200.0,2300.0
2015-01-01,2015,1,1,56.0,2000.0,2400.0,2300.0,2200.0
2015-01-02,2015,1,2,60.0,1700.0,2300.0,2200.0,2000.0
2015-01-03,2015,1,3,48.0,2000.0,2500.0,2000.0,2250.0
2015-01-05,2015,1,5,50.0,2200.0,2500.0,2250.0,2350.0
2015-01-06,2015,1,6,54.0,2000.0,2400.0,2350.0,2200.0
2015-01-07,2015,1,7,52.0,2100.0,2400.0,2200.0,2250.0
2015-01-08,2015,1,8,60.0,1800.0,2200.0,2250.0,2000.0
2015-01-09,2015,1,9,48.0,1900.0,2200.0,2000.0,2050.0
2015-01-10,2015,1,10,50.0,1600.0,2000.0,2050.0,1800.0
2015-01-12,2015,1,12,57.0,1500.0,1900.0,1800.0,1700.0
2015-01-13,2015,1,13,52.0,1500.0,1850.0,1700.0,1725.0
2015-01-14,2015,1,14,60.0,1400.0,1800.0,1725.0,1600.0
2015-01-15,2015,1,15,65.0,1200.0,1700.0,1600.0,1500.0
2015-01-16,2015,1,16,58.0,1250.0,1650.0,1500.0,1450.0
2015-01-17,2015,1,17,600.0,1200.0,1600.0,1450.0,1400.0
2015-01-19,2015,1,19,62.0,1300.0,1500.0,1400.0,1400.0
2015-01-20,2015,1,20,56.0,1300.0,1600.0,1400.0,1450.0
2015-01-21,2015,1,21,60.0,1200.0,1600.0,1450.0,1400.0
2015-01-22,2015,1,22,630.0,1100.0,1500.0,1400.0,1300.0
2015-01-23,2015,1,23,58.0,1200.0,1500.0,1300.0,1350.0
2015-01-24,2015,1,24,62.0,1200.0,1400.0,1350.0,1300.0
2015-01-27,2015,1,27,68.0,1100.0,1300.0,1300.0,1200.0
2015-01-28,2015,1,28,60.0,1050.0,1350.0,1200.0,1200.0
2015-01-29,2015,1,29,48.0,1200.0,1600.0,1200.0,1400.0
2015-01-30,2015,1,30,42.0,1400.0,1700.0,1400.0,1550.0
2015-01-31,2015,1,31,45.0,1450.0,1650.0,1550.0,1550.0
2015-02-02,2015,2,2,54.0,1200.0,1600.0,1550.0,1400.0
2015-02-04,2015,2,4,55.0,1200.0,1500.0,1400.0,1350.0
2015-02-05,2015,2,5,62.0,1150.0,1450.0,1350.0,1300.0
2015-02-06,2015,2,6,56.0,1200.0,1475.0,1300.0,1350.0
2015-02-07,2015,2,7,62.0,1150.0,1450.0,1350.0,1300.0
2015-02-08,2015,2,8,56.0,1200.0,1475.0,1300.0,1350.0
2015-02-09,2015,2,9,50.0,1250.0,1550.0,1350.0,1400.0
2015-02-10,2015,2,10,48.0,1200.0,1600.0,1400.0,1400.0
2015-02-11,2015,2,11,46.0,1250.0,1600.0,1400.0,1425.0
2015-02-12,2015,2,12,52.0,1000.0,1500.0,1425.0,1300.0
2015-02-13,2015,2,13,50.0,1050.0,1550.0,1300.0,1350.0
2015-02-14,2015,2,14,47.0,1200.0,1800.0,1350.0,1500.0
2015-02-17,2015,2,17,45.0,1300.0,1700.0,1500.0,1500.0
2015-02-18,2015,2,18,42.0,1450.0,1750.0,1500.0,1550.0
2015-02-19,2015,2,19,50.0,1200.0,1600.0,1550.0,1400.0
2015-02-20,2015,2,20,53.0,1000.0,1400.0,1400.0,1200.0
2015-02-21,2015,2,21,60.0,1100.0,1400.0,1200.0,1250.0
2015-02-23,2015,2,23,58.0,1200.0,1400.0,1250.0,1300.0
2015-02-24,2015,2,24,63.0,1000.0,1300.0,1300.0,1150.0
2015-02-26,2015,2,26,60.0,1100.0,1500.0,1150.0,1300.0
2015-02-27,2015,2,27,65.0,1200.0,1400.0,1300.0,1300.0
2015-02-28,2015,2,28,70.0,1100.0,1400.0,1300.0,1250.0
2015-03-02,2015,3,2,50.0,1200.0,1500.0,1250.0,1350.0
2015-03-03,2015,3,3,63.0,1000.0,1400.0,1350.0,1200.0
2015-03-04,2015,3,4,56.0,1200.0,1500.0,1200.0,1350.0
2015-03-05,2015,3,5,60.0,1100.0,1450.0,1350.0,1250.0
2015-03-07,2015,3,7,36.0,1200.0,1600.0,1250.0,1400.0
2015-03-09,2015,3,9,48.0,1200.0,1500.0,1400.0,1350.0
2015-03-10,2015,3,10,45.0,1200.0,1600.0,1350.0,1400.0
2015-03-11,2015,3,11,42.0,1300.0,1700.0,1400.0,1500.0
2015-03-12,2015,3,12,46.0,1250.0,1650.0,1500.0,1400.0
2015-03-13,2015,3,13,50.0,1200.0,1500.0,1400.0,1350.0
2015-03-14,2015,3,14,45.0,1500.0,1800.0,1350.0,1650.0
2015-03-16,2015,3,16,38.0,1600.0,2000.0,1650.0,1800.0
2015-03-17,2015,3,17,32.0,1700.0,2200.0,1800.0,2000.0
2015-03-18,2015,3,18,40.0,1400.0,2000.0,2000.0,1700.0
2015-03-19,2015,3,19,45.0,1200.0,2000.0,1700.0,1600.0
2015-03-20,2015,3,20,50.0,1200.0,1800.0,1600.0,1500.0
2015-03-21,2015,3,21,54.0,1400.0,1800.0,1500.0,1600.0
2015-03-23,2015,3,23,45.0,1500.0,2000.0,1600.0,1750.0
2015-03-24,2015,3,24,52.0,1350.0,1850.0,1750.0,1600.0
2015-03-25,2015,3,25,56.0,1200.0,1800.0,1600.0,1500.0
2015-03-26,2015,3,26,60.0,1250.0,1750.0,1500.0,1500.0
2015-03-27,2015,3,27,65.0,1400.0,1700.0,1500.0,1550.0
2015-03-30,2015,3,30,70.0,1200.0,1600.0,1550.0,1400.0
2015-03-31,2015,3,31,62.0,1350.0,1650.0,1400.0,1500.0
2015-04-01,2015,4,1,42.0,1200.0,1600.0,1500.0,1400.0
2015-04-04,2015,4,4,40.0,1400.0,1800.0,1400.0,1600.0
2015-04-06,2015,4,6,36.0,1300.0,1700.0,1600.0,1500.0
2015-04-07,2015,4,7,45.0,1200.0,1500.0,1500.0,1350.0
2015-04-08,2015,4,8,50.0,1100.0,1500.0,1350.0,1300.0
2015-04-09,2015,4,9,48.0,1200.0,1500.0,1300.0,1350.0
2015-04-10,2015,4,10,54.0,1250.0,1450.0,1350.0,1350.0
2015-04-11,2015,4,11,50.0,1200.0,1500.0,1350.0,1350.0
2015-04-13,2015,4,13,45.0,1600.0,2000.0,1350.0,1800.0
2015-04-15,2015,4,15,40.0,1700.0,2200.0,1800.0,2000.0
2015-04-16,2015,4,16,30.0,2000.0,2500.0,2000.0,2250.0
2015-04-17,2015,4,17,37.0,2200.0,2400.0,2250.0,2300.0
2015-04-18,2015,4,18,40.0,1600.0,2400.0,2300.0,2000.0
2015-04-20,2015,4,20,38.0,1500.0,2400.0,2000.0,2000.0
2015-04-21,2015,4,21,45.0,1600.0,2200.0,2000.0,1900.0
2015-04-22,2015,4,22,40.0,1700.0,2400.0,1900.0,2000.0
2015-04-23,2015,4,23,46.0,1500.0,2300.0,2000.0,1900.0
2015-04-24,2015,4,24,45.0,1600.0,2200.0,1900.0,1900.0
2015-04-25,2015,4,25,40.0,1800.0,2400.0,1900.0,2100.0
2015-04-27,2015,4,27,50.0,1750.0,2250.0,2100.0,2000.0
2015-04-28,2015,4,28,50.0,1800.0,2200.0,2000.0,2000.0
2015-04-29,2015,4,29,47.0,1700.0,2300.0,2000.0,2000.0
2015-04-30,2015,4,30,52.0,1800.0,2200.0,2000.0,2000.0
2015-05-01,2015,5,1,48.0,1500.0,2000.0,2000.0,1750.0
2015-05-02,2015,5,2,50.0,1400.0,2000.0,1750.0,1700.0
2015-05-05,2015,5,5,45.0,1600.0,2200.0,1700.0,1900.0
2015-05-06,2015,5,6,38.0,2200.0,2600.0,1900.0,2400.0
2015-05-07,2015,5,7,32.0,3000.0,3500.0,2400.0,3250.0
2015-05-08,2015,5,8,30.0,3200.0,4000.0,3250.0,3600.0
2015-05-09,2015,5,9,30.0,3500.0,4500.0,3600.0,4000.0
2015-05-11,2015,5,11,48.0,2600.0,3200.0,4000.0,2900.0
2015-05-12,2015,5,12,53.0,2000.0,2400.0,2900.0,2200.0
2015-05-13,2015,5,13,57.0,1800.0,2200.0,2200.0,2000.0
2015-05-14,2015,5,14,60.0,1500.0,2000.0,2000.0,1750.0
2015-05-15,2015,5,15,58.0,1600.0,2000.0,1750.0,1800.0
2015-05-16,2015,5,16,60.0,1400.0,1800.0,1800.0,1600.0
2015-05-18,2015,5,18,65.0,1350.0,1750.0,1600.0,1550.0
2015-05-19,2015,5,19,72.0,1200.0,1600.0,1550.0,1400.0
2015-05-20,2015,5,20,60.0,1250.0,1650.0,1400.0,1450.0
2015-05-21,2015,5,21,56.0,1300.0,1600.0,1450.0,1450.0
2015-05-22,2015,5,22,62.0,1200.0,1500.0,1450.0,1350.0
2015-05-23,2015,5,23,58.0,1250.0,1550.0,1350.0,1400.0
2015-05-25,2015,5,25,60.0,1200.0,1500.0,1400.0,1350.0
2015-05-26,2015,5,26,57.0,1200.0,1600.0,1350.0,1400.0
2015-05-27,2015,5,27,62.0,1100.0,1500.0,1400.0,1300.0
2015-05-28,2015,5,28,55.0,1400.0,1700.0,1300.0,1550.0
2015-05-29,2015,5,29,60.0,1200.0,1600.0,1550.0,1400.0
2015-05-30,2015,5,30,67.0,1200.0,1500.0,1400.0,1350.0
2015-06-01,2015,6,1,62.0,1250.0,1500.0,1350.0,1375.0
2015-06-02,2015,6,2,56.0,1600.0,2000.0,1375.0,1800.0
2015-06-03,2015,6,3,60.0,1400.0,1800.0,1800.0,1600.0
2015-06-04,2015,6,4,58.0,1550.0,1750.0,1600.0,1650.0
2015-06-05,2015,6,5,46.0,1400.0,1800.0,1650.0,1600.0
2015-06-06,2015,6,6,55.0,1500.0,1700.0,1600.0,1600.0
2015-06-08,2015,6,8,52.0,1525.0,1725.0,1600.0,1650.0
2015-06-09,2015,6,9,60.0,1350.0,1650.0,1650.0,1500.0
2015-06-10,2015,6,10,67.0,1300.0,1600.0,1500.0,1450.0
2015-06-11,2015,6,11,63.0,1400.0,1600.0,1450.0,1500.0
2015-06-12,2015,6,12,58.0,1350.0,1650.0,1500.0,1500.0
2015-06-13,2015,6,13,47.0,1500.0,1800.0,1500.0,1650.0
2015-06-15,2015,6,15,40.0,1600.0,2000.0,1650.0,1800.0
2015-06-16,2015,6,16,53.0,1450.0,1650.0,1800.0,1550.0
2015-06-17,2015,6,17,58.0,1200.0,1500.0,1550.0,1350.0
2015-06-18,2015,6,18,55.0,1300.0,1500.0,1350.0,1400.0
2015-06-19,2015,6,19,50.0,1200.0,1600.0,1400.0,1400.0
2015-06-20,2015,6,20,53.0,1250.0,1550.0,1400.0,1400.0
2015-06-22,2015,6,22,50.0,1600.0,2000.0,1400.0,1800.0
2015-06-23,2015,6,23,48.0,1800.0,2200.0,1800.0,2000.0
2015-06-24,2015,6,24,40.0,2000.0,2400.0,2000.0,2200.0
2015-06-25,2015,6,25,42.0,2200.0,2500.0,2200.0,2350.0
2015-06-26,2015,6,26,45.0,2100.0,2400.0,2350.0,2250.0
2015-06-27,2015,6,27,56.0,1600.0,2200.0,2250.0,1900.0
2015-06-29,2015,6,29,53.0,1800.0,2200.0,1900.0,2000.0
2015-06-30,2015,6,30,65.0,1600.0,2000.0,2000.0,1800.0
2015-12-01,2015,12,1,50.0,2500.0,3000.0,1800.0,2750.0
2015-12-02,2015,12,2,54.0,2200.0,3000.0,2750.0,2600.0
2015-12-03,2015,12,3,60.0,2200.0,2800.0,2600.0,2500.0
2015-12-04,2015,12,4,70.0,2000.0,2600.0,2500.0,2300.0
2015-12-05,2015,12,5,74.0,2000.0,2500.0,2300.0,2250.0
2015-12-07,2015,12,7,68.0,2150.0,2500.0,2250.0,2375.0
2015-12-08,2015,12,8,63.0,2200.0,2600.0,2375.0,2400.0
2015-12-09,2015,12,9,70.0,2000.0,2500.0,2400.0,2250.0
2015-12-10,2015,12,10,76.0,1800.0,2300.0,2250.0,2050.0
2015-12-11,2015,12,11,62.0,1800.0,2400.0,2050.0,2100.0
2015-12-12,2015,12,12,67.0,1900.0,2300.0,2100.0,2100.0
2015-12-14,2015,12,14,65.0,1800.0,2200.0,2100.0,2000.0
2015-12-15,2015,12,15,70.0,1600.0,2000.0,2000.0,1800.0
2015-12-16,2015,12,16,68.0,1800.0,2200.0,1800.0,2000.0
2015-12-17,2015,12,17,72.0,1600.0,2000.0,2000.0,1800.0
2015-12-18,2015,12,18,80.0,1500.0,2000.0,1800.0,1750.0
2015-12-19,2015,12,19,70.0,1400.0,2000.0,1750.0,1700.0
2015-12-21,2015,12,21,63.0,1800.0,2200.0,1700.0,2000.0
2015-12-22,2015,12,22,65.0,1750.0,2150.0,2000.0,1950.0
2015-12-23,2015,12,23,52.0,1800.0,2400.0,1950.0,2100.0
2015-12-26,2015,12,26,50.0,2000.0,2500.0,2100.0,2250.0
2015-12-28,2015,12,28,60.0,1800.0,2400.0,2250.0,2100.0
2015-12-29,2015,12,29,65.0,1600.0,2200.0,2100.0,1900.0
2015-12-30,2015,12,30,50.0,1800.0,2400.0,1900.0,2100.0
2015-12-31,2015,12,31,53.0,1700.0,2300.0,2100.0,2000.0
2016-01-01,2016,1,1,48.0,1600.0,2000.0,2000.0,1800.0
2016-01-02,2016,1,2,50.0,1500.0,2000.0,1800.0,1750.0
2016-01-04,2016,1,4,45.0,1650.0,2050.0,1750.0,1900.0
2016-01-05,2016,1,5,40.0,1800.0,2200.0,1900.0,2000.0
2016-01-06,2016,1,6,38.0,2000.0,2600.0,2000.0,2300.0
2016-01-07,2016,1,7,48.0,2000.0,2400.0,2300.0,2200.0
2016-01-08,2016,1,8,50.0,1800.0,2300.0,2200.0,2100.0
2016-01-09,2016,1,9,45.0,2000.0,2400.0,2100.0,2200.0
2016-01-11,2016,1,11,53.0,1600.0,2200.0,2200.0,1900.0
2016-01-12,2016,1,12,55.0,1800.0,2200.0,1900.0,2000.0
2016-01-13,2016,1,13,60.0,1600.0,2000.0,2000.0,1800.0
2016-01-14,2016,1,14,62.0,1600.0,2000.0,1800.0,1800.0
2016-01-15,2016,1,15,68.0,1500.0,1800.0,1800.0,1650.0
2016-01-16,2016,1,16,60.0,1550.0,1850.0,1650.0,1700.0
2016-01-18,2016,1,18,64.0,1500.0,1800.0,1700.0,1650.0
2016-01-19,2016,1,19,67.0,1400.0,1800.0,1650.0,1600.0
2016-01-20,2016,1,20,65.0,1500.0,1700.0,1600.0,1600.0
2016-01-21,2016,1,21,50.0,1600.0,1900.0,1600.0,1750.0
2016-01-22,2016,1,22,56.0,1450.0,1850.0,1750.0,1600.0
2016-01-23,2016,1,23,60.0,1400.0,1800.0,1600.0,1600.0
2016-01-25,2016,1,25,65.0,1300.0,1800.0,1600.0,1550.0
2016-01-27,2016,1,27,60.0,1400.0,1600.0,1550.0,1500.0
2016-01-28,2016,1,28,57.0,1300.0,1700.0,1500.0,1500.0
2016-01-29,2016,1,29,58.0,1200.0,1700.0,1500.0,1450.0
2016-01-30,2016,1,30,62.0,1200.0,1500.0,1450.0,1350.0
2016-02-01,2016,2,1,54.0,1600.0,2000.0,1350.0,1800.0
2016-02-02,2016,2,2,50.0,1500.0,2000.0,1800.0,1750.0
2016-02-03,2016,2,3,48.0,1700.0,2000.0,1750.0,1850.0
2016-02-04,2016,2,4,52.0,1650.0,1950.0,1850.0,1800.0
2016-02-05,2016,2,5,60.0,1600.0,1900.0,1800.0,1750.0
2016-02-06,2016,2,6,62.0,1600.0,1900.0,1750.0,1800.0
2016-02-08,2016,2,8,64.0,1500.0,1800.0,1800.0,1700.0
2016-02-09,2016,2,9,62.0,1550.0,1850.0,1700.0,1650.0
2016-02-10,2016,2,10,60.0,1500.0,1700.0,1650.0,1600.0
2016-02-11,2016,2,11,65.0,1450.0,1600.0,1600.0,1550.0
2016-02-12,2016,2,12,70.0,1400.0,1600.0,1550.0,1500.0
2016-02-13,2016,2,13,68.0,1400.0,1550.0,1500.0,1450.0
2016-02-15,2016,2,15,65.0,1450.0,1650.0,1450.0,1550.0
2016-02-16,2016,2,16,70.0,1200.0,1600.0,1550.0,1400.0
2016-02-17,2016,2,17,75.0,1200.0,1500.0,1400.0,1350.0
2016-02-18,2016,2,18,80.0,1100.0,1400.0,1350.0,1250.0
2016-02-19,2016,2,19,78.0,1200.0,1400.0,1250.0,1300.0
2016-02-20,2016,2,20,80.0,1100.0,1300.0,1300.0,1200.0
2016-02-22,2016,2,22,70.0,1200.0,1500.0,1200.0,1350.0
2016-02-23,2016,2,23,72.0,1250.0,1450.0,1350.0,1350.0
2016-02-24,2016,2,24,80.0,1100.0,1400.0,1350.0,1250.0
2016-02-25,2016,2,25,76.0,1150.0,1400.0,1250.0,1300.0
2016-02-26,2016,2,26,87.0,900.0,1100.0,1300.0,1000.0
2016-02-27,2016,2,27,90.0,800.0,1000.0,1000.0,900.0
2016-02-29,2016,2,29,80.0,1000.0,1200.0,900.0,1100.0
2016-03-01,2016,3,1,68.0,1000.0,1300.0,1100.0,1150.0
2016-03-02,2016,3,2,70.0,1000.0,1200.0,1150.0,1100.0
2016-03-03,2016,3,3,65.0,1100.0,1400.0,1100.0,1250.0
2016-03-04,2016,3,4,60.0,1200.0,1400.0,1250.0,1300.0
2016-03-05,2016,3,5,70.0,1000.0,1300.0,1300.0,1150.0
2016-03-07,2016,3,7,65.0,1000.0,1200.0,1150.0,1100.0
2016-03-08,2016,3,8,72.0,900.0,1100.0,1100.0,1000.0
2016-03-09,2016,3,9,80.0,800.0,1000.0,1000.0,900.0
2016-03-10,2016,3,10,75.0,1000.0,1200.0,900.0,1100.0
2016-03-11,2016,3,11,87.0,800.0,1000.0,1100.0,900.0
2016-03-12,2016,3,12,83.0,800.0,1000.0,900.0,900.0
2016-03-14,2016,3,14,86.0,750.0,1000.0,900.0,875.0
2016-03-15,2016,3,15,72.0,850.0,1100.0,875.0,975.0
2016-03-16,2016,3,16,75.0,850.0,1050.0,975.0,950.0
2016-03-17,2016,3,17,80.0,800.0,1000.0,950.0,900.0
2016-03-18,2016,3,18,78.0,900.0,1000.0,900.0,950.0
2016-03-19,2016,3,19,75.0,900.0,1050.0,950.0,980.0
2016-03-21,2016,3,21,63.0,950.0,1100.0,980.0,1025.0
2016-03-22,2016,3,22,70.0,900.0,1100.0,1025.0,1000.0
2016-03-26,2016,3,26,40.0,1000.0,1100.0,1000.0,1050.0
2016-03-28,2016,3,28,52.0,900.0,1000.0,1050.0,950.0
2016-03-29,2016,3,29,48.0,1000.0,1200.0,950.0,1100.0
2016-03-30,2016,3,30,55.0,1100.0,1300.0,1100.0,1200.0
2016-03-31,2016,3,31,52.0,1000.0,1300.0,1200.0,1150.0
2016-04-01,2016,4,1,70.0,1100.0,1300.0,1150.0,1200.0
2016-04-02,2016,4,2,63.0,1150.0,1350.0,1200.0,1250.0
2016-04-04,2016,4,4,72.0,1100.0,1300.0,1250.0,1200.0
2016-04-05,2016,4,5,68.0,1150.0,1250.0,1200.0,1200.0
2016-04-06,2016,4,6,70.0,1000.0,1200.0,1200.0,1100.0
2016-04-07,2016,4,7,76.0,900.0,1100.0,1100.0,1000.0
2016-04-08,2016,4,8,68.0,950.0,1100.0,1000.0,1025.0
2016-04-09,2016,4,9,72.0,1000.0,1200.0,1025.0,1100.0
2016-04-11,2016,4,11,65.0,1000.0,1400.0,1100.0,1200.0
2016-04-12,2016,4,12,78.0,900.0,1200.0,1200.0,1050.0
2016-04-13,2016,4,13,80.0,800.0,1100.0,1050.0,950.0
2016-04-16,2016,4,16,100.0,800.0,900.0,950.0,850.0
2016-04-18,2016,4,18,85.0,800.0,1000.0,850.0,900.0
2016-04-19,2016,4,19,90.0,850.0,950.0,900.0,900.0
2016-04-21,2016,4,21,82.0,800.0,1000.0,900.0,900.0
2016-04-22,2016,4,22,64.0,900.0,1400.0,900.0,1150.0
2016-04-23,2016,4,23,58.0,1100.0,1400.0,1150.0,1250.0
2016-04-25,2016,4,25,52.0,1200.0,1400.0,1250.0,1300.0
2016-04-26,2016,4,26,56.0,1150.0,1350.0,1300.0,1250.0
2016-04-27,2016,4,27,54.0,1100.0,1350.0,1250.0,1225.0
2016-04-28,2016,4,28,60.0,1125.0,1325.0,1225.0,1250.0
2016-04-29,2016,4,29,65.0,1200.0,1300.0,1250.0,1250.0
2016-04-30,2016,4,30,60.0,1100.0,1300.0,1250.0,1200.0
2016-05-02,2016,5,2,62.0,1050.0,1250.0,1200.0,1150.0
2016-05-03,2016,5,3,63.0,1030.0,1240.0,1150.0,1120.0
2016-05-04,2016,5,4,50.0,1200.0,1600.0,1120.0,1400.0
2016-05-05,2016,5,5,52.0,1200.0,1550.0,1400.0,1375.0
2016-05-06,2016,5,6,60.0,1150.0,1350.0,1375.0,1250.0
2016-05-07,2016,5,7,54.0,1200.0,1400.0,1250.0,1300.0
2016-05-09,2016,5,9,50.0,1300.0,1500.0,1300.0,1400.0
2016-05-10,2016,5,10,48.0,1350.0,1650.0,1400.0,1500.0
2016-05-11,2016,5,11,52.0,1400.0,1600.0,1500.0,1500.0
2016-05-12,2016,5,12,50.0,1300.0,1700.0,1500.0,1500.0
2016-05-13,2016,5,13,62.0,1200.0,1500.0,1500.0,1350.0
2016-05-14,2016,5,14,70.0,1000.0,1400.0,1350.0,1200.0
2016-05-16,2016,5,16,45.0,1800.0,2200.0,1200.0,2000.0
2016-05-17,2016,5,17,50.0,1600.0,2000.0,2000.0,1800.0
2016-05-18,2016,5,18,58.0,1400.0,2000.0,1800.0,1700.0
2016-05-19,2016,5,19,62.0,1400.0,1800.0,1700.0,1600.0
2016-05-20,2016,5,20,55.0,1600.0,2000.0,1600.0,1800.0
2016-05-23,2016,5,23,60.0,1550.0,1850.0,1800.0,1700.0
2016-05-24,2016,5,24,68.0,1500.0,1800.0,1700.0,1650.0
2016-05-25,2016,5,25,65.0,1400.0,1800.0,1650.0,1600.0
2016-05-26,2016,5,26,56.0,1500.0,2000.0,1600.0,1800.0
2016-05-27,2016,5,27,60.0,1500.0,1900.0,1800.0,1700.0
2016-05-28,2016,5,28,62.0,1400.0,1800.0,1700.0,1600.0
2016-05-30,2016,5,30,60.0,1500.0,1800.0,1600.0,1600.0
2016-05-31,2016,5,31,55.0,1600.0,1900.0,1600.0,1800.0
2016-06-01,2016,6,1,58.0,1550.0,1850.0,1800.0,1700.0
2016-06-02,2016,6,2,60.0,1500.0,1800.0,1700.0,1600.0
2016-06-03,2016,6,3,55.0,1600.0,1900.0,1600.0,1700.0
2016-06-04,2016,6,4,40.0,2000.0,2400.0,1700.0,2200.0
2016-06-06,2016,6,6,38.0,2200.0,2600.0,2200.0,2400.0
2016-06-07,2016,6,7,32.0,2400.0,3000.0,2400.0,2700.0
2016-06-08,2016,6,8,35.0,2200.0,3000.0,2700.0,2600.0
2016-06-09,2016,6,9,38.0,2500.0,3200.0,2600.0,2900.0
2016-06-10,2016,6,10,40.0,2400.0,3000.0,2900.0,2700.0
2016-06-11,2016,6,11,37.0,2600.0,3400.0,2700.0,3000.0
2016-06-13,2016,6,13,42.0,2500.0,3200.0,3000.0,2900.0
2016-06-14,2016,6,14,45.0,2400.0,3000.0,2900.0,2700.0
2016-06-15,2016,6,15,40.0,2800.0,3400.0,2700.0,3100.0
2016-06-16,2016,6,16,38.0,3000.0,3700.0,3100.0,3400.0
2016-06-17,2016,6,17,45.0,3000.0,3600.0,3400.0,3300.0
2016-06-18,2016,6,18,50.0,2600.0,3200.0,3300.0,2900.0
2016-06-20,2016,6,20,43.0,3000.0,3500.0,2900.0,3250.0
2016-06-21,2016,6,21,45.0,2900.0,3500.0,3250.0,3200.0
2016-06-22,2016,6,22,47.0,3000.0,3400.0,3200.0,3200.0
2016-06-23,2016,6,23,42.0,3200.0,3600.0,3200.0,3400.0
2016-06-24,2016,6,24,40.0,3400.0,4000.0,3400.0,3700.0
2016-06-25,2016,6,25,44.0,3300.0,3800.0,3700.0,3550.0
2016-06-27,2016,6,27,45.0,3200.0,3800.0,3550.0,3500.0
2016-06-28,2016,6,28,50.0,3200.0,3600.0,3500.0,3400.0
2016-06-29,2016,6,29,40.0,3400.0,4000.0,3400.0,3700.0
2016-06-30,2016,6,30,36.0,4400.0,5000.0,3700.0,4700.0
2016-11-21,2016,11,21,65.0,1200.0,1500.0,4700.0,1350.0
2016-11-22,2016,11,22,68.0,1250.0,1450.0,1350.0,1350.0
2016-11-23,2016,11,23,60.0,1400.0,1600.0,1350.0,1450.0
2016-11-24,2016,11,24,67.0,1400.0,1600.0,1450.0,1500.0
2016-12-01,2016,12,1,63.0,1200.0,1600.0,1500.0,1400.0
2016-12-02,2016,12,2,65.0,1300.0,1600.0,1400.0,1450.0
2016-12-03,2016,12,3,70.0,1200.0,1500.0,1450.0,1350.0
2016-12-05,2016,12,5,68.0,1200.0,1500.0,1350.0,1350.0
2016-12-06,2016,12,6,72.0,1150.0,1450.0,1350.0,1300.0
2016-12-07,2016,12,7,70.0,1200.0,1400.0,1300.0,1300.0
2016-12-08,2016,12,8,76.0,1220.0,1400.0,1300.0,1310.0
2016-12-09,2016,12,9,80.0,1150.0,1350.0,1310.0,1250.0
2016-12-10,2016,12,10,82.0,1100.0,1300.0,1250.0,1200.0
2016-12-13,2016,12,13,85.0,1100.0,1250.0,1200.0,1175.0
2016-12-14,2016,12,14,90.0,1000.0,1250.0,1175.0,1125.0
2016-12-15,2016,12,15,78.0,1200.0,1400.0,1125.0,1300.0
2016-12-16,2016,12,16,72.0,1150.0,1350.0,1300.0,1250.0
2016-12-17,2016,12,17,65.0,1200.0,1400.0,1250.0,1300.0
2016-12-19,2016,12,19,70.0,1100.0,1400.0,1300.0,1250.0
2016-12-20,2016,12,20,60.0,1200.0,1500.0,1250.0,1350.0
2016-12-21,2016,12,21,65.0,1200.0,1400.0,1350.0,1300.0
2016-12-22,2016,12,22,63.0,1150.0,1400.0,1300.0,1275.0
2016-12-23,2016,12,23,67.0,1000.0,1400.0,1275.0,1200.0
2016-12-24,2016,12,24,70.0,1000.0,1300.0,1200.0,1150.0
2016-12-26,2016,12,26,75.0,900.0,1200.0,1150.0,1050.0
2016-12-27,2016,12,27,80.0,900.0,1000.0,1050.0,950.0
2016-12-28,2016,12,28,67.0,950.0,1050.0,950.0,1000.0
2016-12-29,2016,12,29,65.0,900.0,1100.0,1000.0,1000.0
2016-12-30,2016,12,30,70.0,850.0,1000.0,1000.0,925.0
2016-12-31,2016,12,31,63.0,900.0,1000.0,925.0,950.0
2017-01-02,2017,1,2,58.0,900.0,1100.0,950.0,1000.0
2017-01-03,2017,1,3,60.0,900.0,1050.0,1000.0,975.0
2017-01-04,2017,1,4,63.0,850.0,1000.0,975.0,925.0
2017-01-05,2017,1,5,57.0,900.0,1000.0,925.0,950.0
2017-01-06,2017,1,6,59.0,860.0,1000.0,950.0,940.0
2017-01-07,2017,1,7,62.0,850.0,1000.0,940.0,925.0
2017-01-09,2017,1,9,65.0,800.0,1000.0,925.0,900.0
2017-01-10,2017,1,10,73.0,800.0,950.0,900.0,875.0
2017-01-11,2017,1,11,72.0,750.0,900.0,875.0,800.0
2017-01-12,2017,1,12,74.0,800.0,950.0,800.0,850.0
2017-01-13,2017,1,13,75.0,750.0,900.0,850.0,800.0
2017-01-14,2017,1,14,73.0,700.0,900.0,800.0,750.0
2017-01-16,2017,1,16,74.0,730.0,850.0,750.0,770.0
2017-01-17,2017,1,17,75.0,710.0,800.0,770.0,750.0
2017-01-18,2017,1,18,73.0,700.0,900.0,750.0,800.0
2017-01-19,2017,1,19,74.0,730.0,900.0,800.0,800.0
2017-01-20,2017,1,20,75.0,700.0,900.0,800.0,800.0
2017-01-21,2017,1,21,70.0,775.0,925.0,800.0,850.0
2017-01-23,2017,1,23,76.0,800.0,900.0,850.0,850.0
2017-01-24,2017,1,24,80.0,820.0,900.0,850.0,860.0
2017-01-25,2017,1,25,85.0,840.0,920.0,860.0,880.0
2017-01-27,2017,1,27,75.0,800.0,900.0,880.0,850.0
2017-01-28,2017,1,28,80.0,820.0,900.0,850.0,860.0
2017-01-30,2017,1,30,76.0,800.0,900.0,860.0,850.0
2017-01-31,2017,1,31,65.0,850.0,1000.0,850.0,925.0
2017-02-01,2017,2,1,58.0,800.0,1000.0,925.0,900.0
2017-02-02,2017,2,2,73.0,800.0,900.0,900.0,850.0
2017-02-03,2017,2,3,75.0,700.0,900.0,850.0,800.0
2017-02-04,2017,2,4,80.0,750.0,850.0,800.0,800.0
2017-02-06,2017,2,6,83.0,700.0,800.0,800.0,750.0
2017-02-07,2017,2,7,87.0,650.0,700.0,750.0,675.0
2017-02-08,2017,2,8,85.0,600.0,700.0,675.0,650.0
2017-02-09,2017,2,9,80.0,620.0,700.0,650.0,660.0
2017-02-10,2017,2,10,87.0,600.0,650.0,660.0,625.0
2017-02-11,2017,2,11,78.0,600.0,680.0,625.0,640.0
2017-02-13,2017,2,13,82.0,500.0,600.0,640.0,550.0
2017-02-14,2017,2,14,90.0,450.0,550.0,550.0,500.0
2017-02-15,2017,2,15,100.0,420.0,500.0,500.0,470.0
2017-02-16,2017,2,16,93.0,460.0,520.0,470.0,490.0
2017-02-17,2017,2,17,80.0,530.0,650.0,490.0,590.0
2017-02-18,2017,2,18,85.0,500.0,600.0,590.0,550.0
2017-02-20,2017,2,20,82.0,550.0,700.0,550.0,625.0
2017-02-21,2017,2,21,70.0,800.0,900.0,625.0,850.0
2017-02-22,2017,2,22,65.0,850.0,1000.0,850.0,925.0
2017-02-23,2017,2,23,72.0,600.0,800.0,925.0,700.0
2017-02-25,2017,2,25,70.0,680.0,850.0,700.0,775.0
2017-02-27,2017,2,27,63.0,750.0,1000.0,775.0,875.0
2017-02-28,2017,2,28,60.0,800.0,1000.0,875.0,900.0
2017-03-01,2017,3,1,65.0,850.0,1000.0,900.0,925.0
2017-03-02,2017,3,2,68.0,800.0,1000.0,925.0,900.0
2017-03-03,2017,3,3,53.0,950.0,1100.0,900.0,1025.0
2017-03-04,2017,3,4,60.0,900.0,1050.0,1025.0,975.0
2017-03-06,2017,3,6,67.0,800.0,1000.0,975.0,900.0
2017-03-07,2017,3,7,70.0,750.0,900.0,900.0,825.0
2017-03-08,2017,3,8,60.0,800.0,950.0,825.0,875.0
2017-03-09,2017,3,9,50.0,900.0,1000.0,875.0,950.0
2017-03-10,2017,3,10,54.0,850.0,950.0,950.0,900.0
2017-03-11,2017,3,11,62.0,800.0,900.0,900.0,850.0
2017-03-14,2017,3,14,40.0,800.0,1000.0,850.0,900.0
2017-03-15,2017,3,15,50.0,850.0,1000.0,900.0,925.0
2017-03-16,2017,3,16,43.0,1000.0,1400.0,925.0,1200.0
2017-03-17,2017,3,17,40.0,1150.0,1300.0,1200.0,1225.0
2017-03-18,2017,3,18,47.0,1000.0,1300.0,1225.0,1100.0
2017-03-20,2017,3,20,52.0,700.0,900.0,1100.0,800.0
2017-03-21,2017,3,21,60.0,600.0,800.0,800.0,700.0
2017-03-22,2017,3,22,58.0,650.0,800.0,700.0,725.0
2017-03-23,2017,3,23,46.0,900.0,1000.0,725.0,950.0
2017-03-24,2017,3,24,50.0,800.0,1000.0,950.0,900.0
2017-03-25,2017,3,25,48.0,850.0,1000.0,900.0,925.0
2017-03-27,2017,3,27,60.0,800.0,900.0,925.0,850.0
2017-03-28,2017,3,28,50.0,850.0,950.0,850.0,900.0
2017-03-29,2017,3,29,48.0,800.0,1000.0,900.0,900.0
2017-03-30,2017,3,30,52.0,850.0,1000.0,900.0,925.0
2017-03-31,2017,3,31,50.0,900.0,1200.0,925.0,1050.0
2017-04-01,2017,4,1,50.0,900.0,1100.0,1050.0,1000.0
2017-04-03,2017,4,3,48.0,1000.0,1400.0,1000.0,1200.0
2017-04-05,2017,4,5,53.0,1000.0,1300.0,1200.0,1150.0
2017-04-06,2017,4,6,50.0,1050.0,1350.0,1150.0,1200.0
2017-04-07,2017,4,7,46.0,1000.0,1400.0,1200.0,1200.0
2017-04-08,2017,4,8,52.0,1050.0,1250.0,1200.0,1150.0
2017-04-10,2017,4,10,68.0,800.0,1000.0,1150.0,900.0
2017-04-11,2017,4,11,65.0,850.0,1000.0,900.0,925.0
2017-04-12,2017,4,12,67.0,800.0,900.0,925.0,850.0
2017-04-13,2017,4,13,70.0,700.0,800.0,850.0,750.0
2017-04-15,2017,4,15,65.0,740.0,820.0,750.0,780.0
2017-04-17,2017,4,17,60.0,700.0,800.0,780.0,750.0
2017-04-18,2017,4,18,55.0,720.0,800.0,750.0,760.0
2017-04-19,2017,4,19,52.0,700.0,800.0,760.0,750.0
2017-04-20,2017,4,20,63.0,650.0,850.0,750.0,750.0
2017-04-21,2017,4,21,70.0,600.0,800.0,750.0,700.0
2017-04-22,2017,4,22,65.0,700.0,800.0,700.0,750.0
2017-04-24,2017,4,24,68.0,700.0,780.0,750.0,740.0
2017-04-25,2017,4,25,72.0,650.0,750.0,740.0,700.0
2017-04-26,2017,4,26,68.0,620.0,700.0,700.0,660.0
2017-04-27,2017,4,27,65.0,600.0,680.0,660.0,640.0
2017-04-28,2017,4,28,57.0,640.0,700.0,640.0,670.0
2017-04-29,2017,4,29,55.0,650.0,750.0,670.0,700.0
2017-05-01,2017,5,1,50.0,670.0,750.0,700.0,710.0
2017-05-02,2017,5,2,60.0,600.0,700.0,710.0,650.0
2017-05-03,2017,5,3,54.0,650.0,725.0,650.0,690.0
2017-05-04,2017,5,4,58.0,640.0,700.0,690.0,670.0
2017-05-05,2017,5,5,60.0,600.0,700.0,670.0,650.0
2017-05-06,2017,5,6,55.0,650.0,750.0,650.0,700.0
2017-05-08,2017,5,8,50.0,680.0,800.0,700.0,740.0
2017-05-09,2017,5,9,54.0,650.0,750.0,740.0,700.0
2017-05-11,2017,5,11,60.0,600.0,700.0,700.0,650.0
2017-05-12,2017,5,12,63.0,620.0,700.0,650.0,660.0
2017-05-13,2017,5,13,58.0,640.0,720.0,660.0,680.0
2017-05-15,2017,5,15,50.0,800.0,1000.0,680.0,900.0
2017-05-16,2017,5,16,46.0,900.0,1100.0,900.0,1000.0
2017-05-17,2017,5,17,45.0,1000.0,1200.0,1000.0,1100.0
2017-05-18,2017,5,18,40.0,1075.0,1275.0,1100.0,1175.0
2017-05-19,2017,5,19,36.0,1200.0,1400.0,1175.0,1300.0
2017-05-20,2017,5,20,42.0,1100.0,1300.0,1300.0,1200.0
2017-05-22,2017,5,22,43.0,1050.0,1300.0,1200.0,1150.0
2017-05-23,2017,5,23,41.0,1100.0,1400.0,1150.0,1200.0
2017-05-24,2017,5,24,53.0,1000.0,1200.0,1200.0,1100.0
2017-05-25,2017,5,25,50.0,1000.0,1300.0,1100.0,1150.0
2017-05-26,2017,5,26,52.0,1050.0,1250.0,1150.0,1150.0
2017-05-27,2017,5,27,56.0,1000.0,1200.0,1150.0,1100.0
2017-05-29,2017,5,29,59.0,950.0,1150.0,1100.0,1050.0
2017-05-30,2017,5,30,65.0,900.0,1100.0,1050.0,1000.0
2017-05-31,2017,5,31,52.0,1000.0,1200.0,1000.0,1100.0
2017-11-21,2017,11,21,65.0,1200.0,1500.0,1100.0,1350.0
2017-11-22,2017,11,22,68.0,1250.0,1450.0,1350.0,1350.0
2017-11-23,2017,11,23,60.0,1400.0,1600.0,1350.0,1450.0
2017-11-24,2017,11,24,67.0,1400.0,1600.0,1450.0,1500.0
2017-12-01,2017,12,1,63.0,1200.0,1600.0,1500.0,1400.0
2017-12-02,2017,12,2,65.0,1300.0,1600.0,1400.0,1450.0
2017-12-03,2017,12,3,70.0,1200.0,1500.0,1450.0,1350.0
2017-12-05,2017,12,5,68.0,1200.0,1500.0,1350.0,1350.0
2017-12-06,2017,12,6,72.0,1150.0,1450.0,1350.0,1300.0
2017-12-07,2017,12,7,70.0,1200.0,1400.0,1300.0,1300.0
2017-12-08,2017,12,8,76.0,1220.0,1400.0,1300.0,1310.0
2017-12-09,2017,12,9,80.0,1150.0,1350.0,1310.0,1250.0
2017-12-10,2017,12,10,82.0,1100.0,1300.0,1250.0,1200.0
2017-12-13,2017,12,13,85.0,1100.0,1250.0,1200.0,1175.0
2017-12-14,2017,12,14,90.0,1000.0,1250.0,1175.0,1125.0
2017-12-15,2017,12,15,78.0,1200.0,1400.0,1125.0,1300.0
2017-12-16,2017,12,16,72.0,1150.0,1350.0,1300.0,1250.0
2017-12-17,2017,12,17,65.0,1200.0,1400.0,1250.0,1300.0
2017-12-19,2017,12,19,70.0,1100.0,1400.0,1300.0,1250.0
2017-12-20,2017,12,20,60.0,1200.0,1500.0,1250.0,1350.0
2017-12-21,2017,12,21,65.0,1200.0,1400.0,1350.0,1300.0
2017-12-22,2017,12,22,63.0,1150.0,1400.0,1300.0,1275.0
2017-12-23,2017,12,23,67.0,1000.0,1400.0,1275.0,1200.0
2017-12-24,2017,12,24,70.0,1000.0,1300.0,1200.0,1150.0
2017-12-26,2017,12,26,75.0,900.0,1200.0,1150.0,1050.0
2017-12-27,2017,12,27,80.0,900.0,1000.0,1050.0,950.0
2017-12-28,2017,12,28,67.0,950.0,1050.0,950.0,1000.0
2017-12-29,2017,12,29,65.0,900.0,1100.0,1000.0,1000.0
2017-12-30,2017,12,30,70.0,850.0,1000.0,1000.0,925.0
2017-12-31,2017,12,31,63.0,900.0,1000.0,925.0,950.0
2018-01-01,2018,1,1,48.0,1500.0,2000.0,950.0,1800.0
2018-01-02,2018,1,2,56.0,1300.0,1600.0,1800.0,1450.0
2018-01-03,2018,1,3,62.0,1200.0,1500.0,1450.0,1350.0
2018-01-04,2018,1,4,60.0,1300.0,1600.0,1350.0,1450.0
2018-01-05,2018,1,5,67.0,1250.0,1450.0,1450.0,1350.0
2018-01-06,2018,1,6,50.0,1600.0,2000.0,1350.0,1800.0
2018-01-08,2018,1,8,60.0,1400.0,1700.0,1800.0,1550.0
2018-01-09,2018,1,9,65.0,1200.0,1600.0,1550.0,1400.0
2018-01-10,2018,1,10,63.0,1300.0,1600.0,1400.0,1450.0
2018-01-11,2018,1,11,70.0,1300.0,1500.0,1450.0,1400.0
2018-01-12,2018,1,12,68.0,1250.0,1450.0,1400.0,1350.0
2018-01-13,2018,1,13,75.0,1100.0,1300.0,1350.0,1200.0
2018-01-15,2018,1,15,63.0,1300.0,1500.0,1200.0,1400.0
2018-01-16,2018,1,16,70.0,1200.0,1400.0,1400.0,1300.0
2018-01-17,2018,1,17,71.0,1250.0,1400.0,1300.0,1325.0
2018-01-18,2018,1,18,72.0,1200.0,1400.0,1325.0,1300.0
2018-01-19,2018,1,19,63.0,1200.0,1500.0,1300.0,1350.0
2018-01-20,2018,1,20,65.0,1200.0,1400.0,1350.0,1300.0
2018-01-22,2018,1,22,70.0,1150.0,1350.0,1300.0,1250.0
2018-01-23,2018,1,23,76.0,1100.0,1300.0,1250.0,1200.0
2018-01-24,2018,1,24,68.0,1200.0,1500.0,1200.0,1350.0
2018-01-25,2018,1,25,70.0,1300.0,1500.0,1350.0,1400.0
2018-01-27,2018,1,27,75.0,1250.0,1450.0,1400.0,1350.0
2018-01-29,2018,1,29,80.0,1200.0,1400.0,1350.0,1300.0
2018-01-30,2018,1,30,86.0,1100.0,1300.0,1300.0,1200.0
2018-01-31,2018,1,31,82.0,1150.0,1350.0,1200.0,1250.0
2018-02-01,2018,2,1,80.0,1000.0,1400.0,1250.0,1200.0
2018-02-02,2018,2,2,83.0,1200.0,1300.0,1200.0,1200.0
2018-02-03,2018,2,3,90.0,1000.0,1200.0,1200.0,1100.0
2018-02-05,2018,2,5,80.0,900.0,1200.0,1100.0,1050.0
2018-02-06,2018,2,6,75.0,1000.0,1250.0,1050.0,1125.0
2018-02-07,2018,2,7,68.0,1000.0,1300.0,1125.0,1150.0
2018-02-08,2018,2,8,56.0,1000.0,1250.0,1150.0,1125.0
2018-02-09,2018,2,9,52.0,1100.0,1300.0,1125.0,1200.0
2018-02-10,2018,2,10,60.0,900.0,1200.0,1200.0,1050.0
2018-02-12,2018,2,12,63.0,950.0,1150.0,1050.0,1050.0
2018-02-13,2018,2,13,70.0,800.0,1000.0,1050.0,900.0
2018-02-15,2018,2,15,52.0,1000.0,1200.0,900.0,1100.0
2018-02-16,2018,2,16,55.0,900.0,1200.0,1100.0,1050.0
2018-02-17,2018,2,17,60.0,800.0,1100.0,1050.0,950.0
2018-02-19,2018,2,19,52.0,900.0,1200.0,950.0,1050.0
2018-02-20,2018,2,20,56.0,850.0,1100.0,1050.0,1025.0
2018-02-21,2018,2,21,50.0,1000.0,1200.0,1025.0,1100.0
2018-02-22,2018,2,22,48.0,1100.0,1400.0,1100.0,1250.0
2018-02-23,2018,2,23,50.0,1050.0,1350.0,1250.0,1250.0
2018-02-24,2018,2,24,56.0,1000.0,1300.0,1250.0,1150.0
2018-02-26,2018,2,26,60.0,1100.0,1300.0,1150.0,1200.0
2018-02-27,2018,2,27,65.0,1000.0,1200.0,1200.0,1100.0
2018-02-28,2018,2,28,58.0,1100.0,1200.0,1100.0,1200.0
2018-03-01,2018,3,1,53.0,1100.0,1300.0,1200.0,1200.0
2018-03-03,2018,3,3,60.0,1000.0,1200.0,1200.0,1100.0
2018-03-05,2018,3,5,65.0,800.0,1100.0,1100.0,950.0
2018-03-06,2018,3,6,62.0,900.0,1100.0,950.0,1000.0
2018-03-07,2018,3,7,65.0,800.0,1000.0,1000.0,900.0
2018-03-08,2018,3,8,60.0,850.0,1000.0,900.0,925.0
2018-03-09,2018,3,9,58.0,800.0,1000.0,925.0,900.0
2018-03-10,2018,3,10,55.0,820.0,1000.0,900.0,910.0
2018-03-12,2018,3,12,62.0,800.0,900.0,910.0,850.0
2018-03-13,2018,3,13,50.0,900.0,1000.0,850.0,950.0
2018-03-14,2018,3,14,53.0,850.0,1000.0,950.0,925.0
2018-03-15,2018,3,15,48.0,900.0,1000.0,925.0,950.0
2018-03-16,2018,3,16,50.0,800.0,900.0,950.0,850.0
2018-03-17,2018,3,17,47.0,820.0,900.0,850.0,860.0
2018-03-19,2018,3,19,45.0,900.0,1000.0,860.0,950.0
2018-03-20,2018,3,20,40.0,925.0,1075.0,950.0,1000.0
2018-03-21,2018,3,21,48.0,1000.0,1200.0,1000.0,1100.0
2018-03-22,2018,3,22,45.0,1100.0,1300.0,1100.0,1200.0
2018-03-23,2018,3,23,40.0,1000.0,1400.0,1200.0,1200.0
2018-03-24,2018,3,24,38.0,1100.0,1500.0,1200.0,1300.0
2018-03-26,2018,3,26,35.0,1400.0,1600.0,1300.0,1500.0
2018-03-27,2018,3,27,32.0,1200.0,1700.0,1500.0,1450.0
2018-03-28,2018,3,28,29.0,1450.0,1850.0,1450.0,1650.0
2018-03-31,2018,3,31,36.0,1300.0,1600.0,1650.0,1450.0
2018-04-02,2018,4,2,40.0,1200.0,1500.0,1450.0,1350.0
2018-04-03,2018,4,3,38.0,1300.0,1600.0,1350.0,1450.0
2018-04-04,2018,4,4,40.0,1300.0,1500.0,1450.0,1400.0
2018-04-05,2018,4,5,45.0,1200.0,1400.0,1400.0,1300.0
2018-04-06,2018,4,6,42.0,1100.0,1400.0,1300.0,1250.0
2018-04-07,2018,4,7,40.0,1200.0,1400.0,1250.0,1300.0
2018-04-09,2018,4,9,45.0,1200.0,1350.0,1300.0,1275.0
2018-04-10,2018,4,10,38.0,1250.0,1400.0,1275.0,1325.0
2018-04-11,2018,4,11,40.0,1200.0,1400.0,1325.0,1300.0
2018-04-12,2018,4,12,36.0,1250.0,1450.0,1300.0,1350.0
2018-04-13,2018,4,13,32.0,1300.0,1500.0,1350.0,1400.0
2018-04-16,2018,4,16,40.0,1000.0,1200.0,1400.0,1100.0
2018-04-17,2018,4,17,50.0,900.0,1000.0,1100.0,950.0
2018-04-18,2018,4,18,48.0,950.0,1050.0,950.0,1000.0
2018-04-19,2018,4,19,52.0,900.0,1000.0,1000.0,950.0
2018-04-20,2018,4,20,60.0,850.0,950.0,950.0,900.0
2018-04-21,2018,4,21,65.0,800.0,900.0,900.0,850.0
2018-04-23,2018,4,23,62.0,840.0,920.0,850.0,880.0
2018-04-24,2018,4,24,60.0,800.0,950.0,880.0,875.0
2018-04-25,2018,4,25,70.0,750.0,900.0,875.0,825.0
2018-04-26,2018,4,26,75.0,700.0,800.0,825.0,750.0
2018-04-27,2018,4,27,80.0,550.0,700.0,750.0,625.0
2018-05-01,2018,5,1,75.0,600.0,680.0,625.0,640.0
2018-05-02,2018,5,2,70.0,620.0,700.0,640.0,660.0
2018-05-03,2018,5,3,65.0,580.0,680.0,660.0,630.0
2018-05-04,2018,5,4,68.0,600.0,685.0,630.0,642.0
2018-05-05,2018,5,5,70.0,570.0,650.0,642.0,610.0
2018-05-07,2018,5,7,65.0,580.0,660.0,610.0,620.0
2018-05-08,2018,5,8,68.0,550.0,650.0,620.0,600.0
2018-05-09,2018,5,9,70.0,540.0,600.0,600.0,570.0
2018-05-10,2018,5,10,75.0,520.0,600.0,570.0,560.0
2018-05-11,2018,5,11,72.0,540.0,620.0,560.0,580.0
2018-05-12,2018,5,12,68.0,500.0,600.0,580.0,550.0
2018-05-14,2018,5,14,65.0,900.0,1000.0,550.0,950.0
2018-05-15,2018,5,15,67.0,700.0,900.0,950.0,800.0
2018-05-16,2018,5,16,66.0,800.0,1000.0,800.0,900.0
2018-05-17,2018,5,17,67.0,900.0,1000.0,900.0,950.0
2018-05-18,2018,5,18,66.0,900.0,1100.0,950.0,1000.0
2018-05-19,2018,5,19,65.0,800.0,1000.0,1000.0,900.0
2018-05-21,2018,5,21,60.0,900.0,1050.0,900.0,975.0
2018-05-22,2018,5,22,68.0,900.0,1000.0,975.0,950.0
2018-05-23,2018,5,23,65.0,940.0,1000.0,950.0,970.0
2018-05-24,2018,5,24,72.0,800.0,950.0,970.0,875.0
2018-05-25,2018,5,25,75.0,820.0,900.0,875.0,860.0
2018-05-26,2018,5,26,68.0,850.0,950.0,860.0,900.0
2018-05-28,2018,5,28,60.0,900.0,1000.0,900.0,950.0
2018-05-29,2018,5,29,65.0,900.0,980.0,950.0,940.0
2018-05-30,2018,5,30,58.0,920.0,1000.0,940.0,960.0
2018-05-31,2018,5,31,52.0,950.0,1050.0,960.0,1000.0
2018-12-01,2018,12,1,50.0,1050.0,1250.0,1000.0,1150.0
2018-12-03,2018,12,3,56.0,1000.0,1200.0,1150.0,1100.0
2018-12-04,2018,12,4,42.0,1200.0,1400.0,1100.0,1300.0
2018-12-05,2018,12,5,50.0,1150.0,1350.0,1300.0,1250.0
2018-12-06,2018,12,6,48.0,1200.0,1400.0,1250.0,1300.0
2018-12-07,2018,12,7,46.0,1300.0,1400.0,1300.0,1350.0
2018-12-08,2018,12,8,50.0,1250.0,1350.0,1350.0,1300.0
2018-12-10,2018,12,10,45.0,1200.0,1400.0,1300.0,1300.0
2018-12-11,2018,12,11,48.0,1225.0,1375.0,1300.0,1300.0
2018-12-12,2018,12,12,60.0,1150.0,1350.0,1300.0,1250.0
2018-12-13,2018,12,13,50.0,1200.0,1400.0,1250.0,1300.0
2018-12-14,2018,12,14,62.0,1100.0,1300.0,1300.0,1200.0
2018-12-15,2018,12,15,65.0,1000.0,1200.0,1200.0,1100.0
2018-12-17,2018,12,17,70.0,900.0,1200.0,1100.0,1050.0
2018-12-18,2018,12,18,82.0,800.0,1000.0,1050.0,900.0
2018-12-19,2018,12,19,75.0,850.0,1000.0,900.0,925.0
2018-12-20,2018,12,20,70.0,900.0,1000.0,925.0,950.0
2018-12-21,2018,12,21,63.0,940.0,1000.0,950.0,970.0
2018-12-22,2018,12,22,58.0,950.0,1050.0,970.0,1000.0
2018-12-24,2018,12,24,64.0,700.0,800.0,1000.0,750.0
2018-12-26,2018,12,26,62.0,700.0,950.0,750.0,825.0
2018-12-27,2018,12,27,70.0,740.0,900.0,825.0,820.0
2018-12-28,2018,12,28,65.0,825.0,925.0,820.0,875.0
2018-12-29,2018,12,29,60.0,850.0,950.0,875.0,900.0
2018-12-31,2018,12,31,49.0,1000.0,1200.0,900.0,1100.0
2019-01-01,2019,1,1,39.0,1350.0,1550.0,1100.0,1450.0
2019-01-02,2019,1,2,45.0,1300.0,1500.0,1450.0,1400.0
2019-01-03,2019,1,3,45.0,1300.0,1500.0,1400.0,1400.0
2019-01-04,2019,1,4,53.0,1250.0,1450.0,1400.0,1350.0
2019-01-05,2019,1,5,56.0,1200.0,1400.0,1350.0,1300.0
2019-01-07,2019,1,7,50.0,1300.0,1500.0,1300.0,1400.0
2019-01-08,2019,1,8,48.0,1350.0,1550.0,1400.0,1450.0
2019-01-09,2019,1,9,52.0,1400.0,1500.0,1450.0,1450.0
2019-01-10,2019,1,10,54.0,1300.0,1500.0,1450.0,1400.0
2019-01-11,2019,1,11,55.0,1200.0,1400.0,1400.0,1300.0
2019-01-12,2019,1,12,60.0,1250.0,1450.0,1300.0,1350.0
2019-01-14,2019,1,14,62.0,1200.0,1400.0,1350.0,1300.0
2019-01-15,2019,1,15,65.0,1100.0,1400.0,1300.0,1250.0
2019-01-16,2019,1,16,68.0,1100.0,1350.0,1250.0,1225.0
2019-01-17,2019,1,17,72.0,1000.0,1300.0,1225.0,1150.0
2019-01-18,2019,1,18,65.0,1000.0,1350.0,1150.0,1175.0
2019-01-19,2019,1,19,68.0,1100.0,1300.0,1175.0,1200.0
2019-01-21,2019,1,21,60.0,1150.0,1350.0,1200.0,1250.0
2019-01-22,2019,1,22,73.0,900.0,1100.0,1250.0,1000.0
2019-01-23,2019,1,23,70.0,950.0,1050.0,1000.0,1000.0
2019-01-24,2019,1,24,75.0,900.0,1000.0,1000.0,950.0
2019-01-25,2019,1,25,70.0,850.0,1000.0,950.0,925.0
2019-01-28,2019,1,28,72.0,800.0,1000.0,925.0,900.0
2019-01-29,2019,1,29,68.0,820.0,1000.0,900.0,910.0
2019-01-30,2019,1,30,75.0,800.0,950.0,910.0,875.0
2019-01-31,2019,1,31,60.0,850.0,1000.0,875.0,925.0
2019-02-01,2019,2,1,55.0,850.0,1000.0,925.0,925.0
2019-02-02,2019,2,2,55.0,850.0,1000.0,925.0,925.0
2019-02-04,2019,2,4,52.0,900.0,1100.0,925.0,1000.0
2019-02-05,2019,2,5,47.0,1000.0,1200.0,1000.0,1100.0
2019-02-06,2019,2,6,50.0,975.0,1175.0,1100.0,1075.0
2019-02-07,2019,2,7,43.0,1150.0,1300.0,1075.0,1225.0
2019-02-08,2019,2,8,46.0,1100.0,1250.0,1225.0,1175.0
2019-02-09,2019,2,9,44.0,1000.0,1400.0,1175.0,1200.0
2019-02-11,2019,2,11,52.0,1100.0,1300.0,1200.0,1200.0
2019-02-12,2019,2,12,58.0,1150.0,1350.0,1200.0,1250.0
2019-02-13,2019,2,13,53.0,1100.0,1400.0,1250.0,1250.0
2019-02-14,2019,2,14,56.0,1000.0,1400.0,1250.0,1200.0
2019-02-15,2019,2,15,59.0,1050.0,1350.0,1200.0,1200.0
2019-02-16,2019,2,16,65.0,1000.0,1200.0,1200.0,1100.0
2019-02-18,2019,2,18,70.0,900.0,1200.0,1100.0,1050.0
2019-02-19,2019,2,19,68.0,950.0,1250.0,1050.0,1100.0
2019-02-20,2019,2,20,72.0,900.0,1200.0,1100.0,1050.0
2019-02-21,2019,2,21,65.0,900.0,1250.0,1050.0,1075.0
2019-02-22,2019,2,22,60.0,950.0,1300.0,1075.0,1125.0
2019-02-23,2019,2,23,62.0,975.0,1275.0,1125.0,1125.0
2019-02-25,2019,2,25,58.0,1000.0,1300.0,1125.0,1150.0
2019-02-26,2019,2,26,60.0,950.0,1280.0,1150.0,1115.0
2019-02-27,2019,2,27,50.0,1000.0,1300.0,1115.0,1150.0
2019-02-28,2019,2,28,48.0,1150.0,1350.0,1150.0,1250.0
2019-03-01,2019,3,1,46.0,1150.0,1350.0,1250.0,1250.0
2019-03-02,2019,3,2,50.0,1000.0,1300.0,1250.0,1150.0
2019-03-05,2019,3,5,40.0,1500.0,1800.0,1150.0,1650.0
2019-03-06,2019,3,6,39.0,1600.0,2000.0,1650.0,1800.0
2019-03-07,2019,3,7,37.0,1700.0,2300.0,1800.0,2000.0
2019-03-08,2019,3,8,48.0,1500.0,2000.0,2000.0,1750.0
2019-03-11,2019,3,11,38.0,2000.0,2500.0,1750.0,2250.0
2019-03-12,2019,3,12,42.0,1850.0,2250.0,2250.0,2050.0
2019-03-13,2019,3,13,44.0,1600.0,2200.0,2050.0,1900.0
2019-03-14,2019,3,14,44.0,1600.0,2200.0,1900.0,1900.0
2019-03-15,2019,3,15,48.0,1400.0,2000.0,1900.0,1700.0
2019-03-16,2019,3,16,50.0,1300.0,1800.0,1700.0,1550.0
2019-03-18,2019,3,18,52.0,1250.0,1750.0,1550.0,1500.0
2019-03-19,2019,3,19,50.0,1400.0,1800.0,1500.0,1600.0
2019-03-20,2019,3,20,47.0,1500.0,1800.0,1600.0,1650.0
2019-03-22,2019,3,22,24.0,1000.0,1500.0,1650.0,1250.0
2019-03-25,2019,3,25,37.0,1300.0,1700.0,1250.0,1500.0
2019-03-26,2019,3,26,35.0,1200.0,1800.0,1500.0,1500.0
2019-03-27,2019,3,27,38.0,1250.0,1750.0,1500.0,1500.0
2019-03-28,2019,3,28,40.0,1300.0,1700.0,1500.0,1500.0
2019-03-29,2019,3,29,47.0,1200.0,1600.0,1500.0,1400.0
2019-03-30,2019,3,30,41.0,1400.0,2000.0,1400.0,1700.0
2019-04-01,2019,4,1,35.0,1800.0,2400.0,1700.0,2100.0
2019-04-02,2019,4,2,36.0,1600.0,2000.0,2100.0,1800.0
2019-04-03,2019,4,3,45.0,1450.0,1800.0,1800.0,1625.0
2019-04-04,2019,4,4,42.0,1400.0,1850.0,1625.0,1625.0
2019-04-05,2019,4,5,43.0,1400.0,1800.0,1625.0,1600.0
2019-04-06,2019,4,6,46.0,1300.0,1600.0,1600.0,1450.0
2019-04-08,2019,4,8,50.0,1350.0,1650.0,1450.0,1500.0
2019-04-09,2019,4,9,53.0,1200.0,1600.0,1500.0,1400.0
2019-04-10,2019,4,10,48.0,1375.0,1675.0,1400.0,1525.0
2019-04-11,2019,4,11,40.0,1500.0,1800.0,1525.0,1650.0
2019-04-12,2019,4,12,50.0,1450.0,1750.0,1650.0,1600.0
2019-04-13,2019,4,13,56.0,1425.0,1675.0,1600.0,1550.0
2019-04-15,2019,4,15,58.0,1300.0,1600.0,1550.0,1450.0
2019-04-16,2019,4,16,54.0,1200.0,1600.0,1450.0,1400.0
2019-04-18,2019,4,18,50.0,1350.0,1750.0,1400.0,1550.0
2019-04-20,2019,4,20,60.0,1325.0,1675.0,1550.0,1500.0
2019-04-22,2019,4,22,70.0,1200.0,1600.0,1500.0,1400.0
2019-04-23,2019,4,23,75.0,1250.0,1550.0,1400.0,1400.0
2019-04-24,2019,4,24,68.0,1200.0,1500.0,1400.0,1350.0
2019-04-25,2019,4,25,65.0,1200.0,1600.0,1350.0,1400.0
2019-04-26,2019,4,26,60.0,1300.0,1600.0,1400.0,1450.0
2019-04-27,2019,4,27,70.0,1250.0,1750.0,1450.0,1500.0
2019-04-29,2019,4,29,65.0,1600.0,2000.0,1500.0,1800.0
2019-04-30,2019,4,30,50.0,1800.0,2400.0,1800.0,2100.0
2019-05-01,2019,5,1,36.0,2000.0,2500.0,2100.0,2250.0
2019-05-04,2019,5,4,35.0,2300.0,2900.0,2250.0,2600.0
2019-05-07,2019,5,7,38.0,2400.0,3000.0,2600.0,2700.0
2019-05-08,2019,5,8,42.0,2350.0,2900.0,2700.0,2625.0
2019-05-09,2019,5,9,40.0,2400.0,3000.0,2625.0,2700.0
2019-05-10,2019,5,10,42.0,2350.0,2900.0,2700.0,2625.0
2019-05-11,2019,5,11,40.0,2600.0,3200.0,2625.0,2900.0
2019-05-13,2019,5,13,43.0,2500.0,3000.0,2900.0,2750.0
2019-05-14,2019,5,14,45.0,2400.0,2900.0,2750.0,2650.0
2019-05-15,2019,5,15,50.0,2400.0,2800.0,2650.0,2600.0
2019-05-16,2019,5,16,47.0,2500.0,3000.0,2600.0,2700.0
2019-05-17,2019,5,17,49.0,2375.0,2875.0,2700.0,2625.0
2019-05-20,2019,5,20,37.0,3000.0,3500.0,2625.0,3250.0
2019-05-21,2019,5,21,32.0,3200.0,3600.0,3250.0,3400.0
2019-05-22,2019,5,22,30.0,3000.0,3800.0,3400.0,3400.0
2019-05-23,2019,5,23,35.0,3000.0,3500.0,3400.0,3250.0
2019-05-24,2019,5,24,32.0,3200.0,3600.0,3250.0,3400.0
2019-05-25,2019,5,25,36.0,3000.0,3500.0,3400.0,3250.0
2019-05-27,2019,5,27,34.0,3400.0,3800.0,3250.0,3600.0
2019-05-28,2019,5,28,35.0,3200.0,3600.0,3600.0,3400.0
2019-05-29,2019,5,29,32.0,3300.0,3700.0,3400.0,3500.0
2019-05-30,2019,5,30,29.0,3600.0,4000.0,3500.0,3800.0
2019-05-31,2019,5,31,29.0,3500.0,4000.0,3800.0,3800.0
2019-12-02,2019,12,2,50.0,1700.0,2300.0,3800.0,2050.0
2019-12-03,2019,12,3,60.0,1800.0,2200.0,2050.0,2000.0
2019-12-04,2019,12,4,56.0,1800.0,2400.0,2000.0,2200.0
2019-12-05,2019,12,5,65.0,1650.0,2250.0,2200.0,1800.0
2019-12-06,2019,12,6,65.0,1600.0,2000.0,1800.0,1800.0
2019-12-09,2019,12,9,75.0,1350.0,1750.0,1800.0,1550.0
2019-12-10,2019,12,10,80.0,1375.0,1675.0,1550.0,1525.0
2019-12-11,2019,12,11,83.0,1300.0,1600.0,1525.0,1450.0
2019-12-12,2019,12,12,78.0,1250.0,1450.0,1450.0,1350.0
2019-12-13,2019,12,13,72.0,1300.0,1500.0,1350.0,1400.0
2019-12-14,2019,12,14,75.0,1200.0,1500.0,1400.0,1350.0
2019-12-16,2019,12,16,63.0,1300.0,1600.0,1350.0,1450.0
2019-12-17,2019,12,17,68.0,1200.0,1500.0,1450.0,1350.0
2019-12-18,2019,12,18,73.0,1000.0,1400.0,1350.0,1200.0
2019-12-19,2019,12,19,67.0,1200.0,1500.0,1200.0,1350.0
2019-12-20,2019,12,20,70.0,1200.0,1400.0,1350.0,1300.0
2019-12-21,2019,12,21,68.0,1100.0,1450.0,1300.0,1300.0
2019-12-23,2019,12,23,68.0,1150.0,1450.0,1300.0,1300.0
2019-12-24,2019,12,24,65.0,1200.0,1400.0,1300.0,1300.0
2019-12-26,2019,12,26,69.0,1100.0,1300.0,1300.0,1200.0
2019-12-27,2019,12,27,78.0,1000.0,1200.0,1200.0,1100.0
2019-12-28,2019,12,28,78.0,1000.0,1200.0,1100.0,1100.0
2019-12-30,2019,12,30,65.0,1150.0,1350.0,1100.0,1250.0
2019-12-31,2019,12,31,62.0,1200.0,1400.0,1250.0,1300.0
2020-01-01,2020,1,1,40.0,1000.0,1300.0,1300.0,1150.0
2020-01-02,2020,1,2,38.0,1100.0,1400.0,1150.0,1250.0
2020-01-03,2020,1,3,45.0,1000.0,1300.0,1250.0,1150.0
2020-01-04,2020,1,4,56.0,1300.0,1500.0,1150.0,1400.0
2020-01-06,2020,1,6,48.0,1400.0,1600.0,1400.0,1500.0
2020-01-07,2020,1,7,43.0,1350.0,1650.0,1500.0,1500.0
2020-01-08,2020,1,8,40.0,1500.0,2000.0,1500.0,1750.0
2020-01-09,2020,1,9,38.0,1600.0,2200.0,1750.0,1900.0
2020-01-10,2020,1,10,42.0,1650.0,2150.0,1900.0,1900.0
2020-01-11,2020,1,11,46.0,1600.0,2000.0,1900.0,1800.0
2020-01-13,2020,1,13,48.0,1500.0,2000.0,1800.0,1750.0
2020-01-14,2020,1,14,45.0,1800.0,2200.0,1750.0,2000.0
2020-01-15,2020,1,15,50.0,1750.0,2150.0,2000.0,1950.0
2020-01-16,2020,1,16,68.0,1300.0,1800.0,1950.0,1550.0
2020-01-17,2020,1,17,70.0,1300.0,1600.0,1550.0,1450.0
2020-01-18,2020,1,18,60.0,1200.0,1500.0,1450.0,1350.0
2020-01-20,2020,1,20,60.0,1500.0,1800.0,1350.0,1650.0
2020-01-21,2020,1,21,68.0,1400.0,1600.0,1650.0,1500.0
2020-01-22,2020,1,22,63.0,1450.0,1750.0,1500.0,1650.0
2020-01-23,2020,1,23,72.0,1300.0,1700.0,1650.0,1500.0
2020-01-24,2020,1,24,80.0,1250.0,1600.0,1500.0,1425.0
2020-01-25,2020,1,25,83.0,1200.0,1500.0,1425.0,1350.0
2020-01-27,2020,1,27,90.0,1300.0,1500.0,1350.0,1400.0
2020-01-28,2020,1,28,82.0,1250.0,1550.0,1400.0,1400.0
2020-01-29,2020,1,29,85.0,1300.0,1500.0,1400.0,1350.0
2020-01-30,2020,1,30,85.0,1200.0,1500.0,1350.0,1350.0
2020-01-31,2020,1,31,87.0,1150.0,1450.0,1350.0,1300.0
2020-02-01,2020,2,1,53.0,1300.0,1800.0,1300.0,1550.0
2020-02-03,2020,2,3,60.0,1200.0,1600.0,1550.0,1400.0
2020-02-04,2020,2,4,58.0,1250.0,1650.0,1400.0,1450.0
2020-02-05,2020,2,5,65.0,1200.0,1500.0,1450.0,1350.0
2020-02-06,2020,2,6,67.0,1150.0,1450.0,1350.0,1300.0
2020-02-07,2020,2,7,70.0,1100.0,1500.0,1300.0,1300.0
2020-02-10,2020,2,10,80.0,1200.0,1400.0,1300.0,1300.0
2020-02-11,2020,2,11,70.0,1500.0,1800.0,1300.0,1650.0
2020-02-12,2020,2,12,70.0,1400.0,1700.0,1650.0,1650.0
2020-02-13,2020,2,13,75.0,1450.0,1750.0,1650.0,1600.0
2020-02-14,2020,2,14,72.0,1450.0,1850.0,1600.0,1650.0
2020-02-15,2020,2,15,78.0,1400.0,1800.0,1650.0,1600.0
2020-02-17,2020,2,17,60.0,1600.0,2000.0,1600.0,1800.0
2020-02-18,2020,2,18,58.0,1500.0,2000.0,1800.0,1750.0
2020-02-19,2020,2,19,50.0,1800.0,2200.0,1750.0,2000.0
2020-02-20,2020,2,20,54.0,1600.0,2000.0,2000.0,1800.0
2020-02-21,2020,2,21,58.0,1500.0,2000.0,1800.0,1750.0
2020-02-22,2020,2,22,63.0,1450.0,1950.0,1750.0,1700.0
2020-02-24,2020,2,24,70.0,1400.0,1800.0,1700.0,1600.0
2020-02-25,2020,2,25,67.0,1475.0,1825.0,1600.0,1650.0
2020-02-26,2020,2,26,70.0,1450.0,1750.0,1650.0,1600.0
2020-02-27,2020,2,27,75.0,1350.0,1650.0,1600.0,1500.0
2020-02-28,2020,2,28,68.0,1400.0,1700.0,1500.0,1550.0
2020-02-29,2020,2,29,70.0,1300.0,1700.0,1550.0,1500.0
2020-03-02,2020,3,2,13.0,1300.0,1500.0,1500.0,1400.0
2020-03-03,2020,3,3,57.0,1350.0,1600.0,1400.0,1475.0
2020-03-04,2020,3,4,55.0,1400.0,1600.0,1475.0,1500.0
2020-03-05,2020,3,5,60.0,1300.0,1570.0,1500.0,1400.0
2020-03-06,2020,3,6,75.0,1250.0,1500.0,1400.0,1350.0
2020-03-07,2020,3,7,75.0,1250.0,1500.0,1350.0,1350.0
2020-03-09,2020,3,9,65.0,1300.0,1500.0,1350.0,1400.0
2020-03-11,2020,3,11,40.0,1100.0,1400.0,1400.0,1250.0
2020-03-12,2020,3,12,50.0,1200.0,1450.0,1250.0,1300.0
2020-03-13,2020,3,13,50.0,1200.0,1500.0,1300.0,1350.0
2020-03-14,2020,3,14,54.0,1150.0,1450.0,1350.0,1300.0
2020-03-16,2020,3,16,48.0,1200.0,1500.0,1300.0,1350.0
2020-03-17,2020,3,17,53.0,1300.0,1600.0,1350.0,1450.0
2020-03-18,2020,3,18,60.0,1200.0,1500.0,1450.0,1350.0
2020-03-19,2020,3,19,66.0,1150.0,1450.0,1350.0,1300.0
2020-03-20,2020,3,20,65.0,1100.0,1350.0,1300.0,1250.0
2020-03-21,2020,3,21,65.0,1000.0,1300.0,1250.0,1200.0
2020-12-18,2020,12,18,56.0,2000.0,2400.0,1200.0,2200.0
2020-12-19,2020,12,19,65.0,1800.0,2200.0,2200.0,2000.0
2020-12-21,2020,12,21,70.0,1400.0,2000.0,2000.0,1700.0
2020-12-22,2020,12,22,75.0,1200.0,1800.0,1700.0,1500.0
2020-12-23,2020,12,23,80.0,1100.0,1700.0,1500.0,1400.0
2020-12-24,2020,12,24,85.0,1200.0,1500.0,1400.0,1350.0
2020-12-26,2020,12,26,60.0,1600.0,2000.0,1350.0,1800.0
2020-12-28,2020,12,28,70.0,1500.0,1800.0,1800.0,1650.0
2020-12-29,2020,12,29,56.0,1800.0,2200.0,1650.0,2000.0
2020-12-30,2020,12,30,39.0,2000.0,2500.0,2000.0,2250.0
2020-12-31,2020,12,31,40.0,2150.0,2450.0,2250.0,2300.0
2021-01-01,2021,1,1,40.0,2150.0,2450.0,2300.0,2300.0
2021-01-02,2021,1,2,48.0,2050.0,2350.0,2300.0,2200.0
2021-01-04,2021,1,4,43.0,2200.0,2400.0,2200.0,2300.0
2021-01-05,2021,1,5,45.0,2000.0,2400.0,2300.0,2200.0
2021-01-06,2021,1,6,40.0,2000.0,2500.0,2200.0,2250.0
2021-01-07,2021,1,7,46.0,1800.0,2300.0,2250.0,2050.0
2021-01-08,2021,1,8,48.0,1800.0,2200.0,2050.0,2000.0
2021-01-09,2021,1,9,50.0,1600.0,2000.0,2000.0,1800.0
2021-01-11,2021,1,11,52.0,1500.0,1800.0,1800.0,1650.0
2021-01-12,2021,1,12,65.0,1400.0,1600.0,1650.0,1500.0
2021-01-13,2021,1,13,60.0,1400.0,1700.0,1500.0,1550.0
2021-01-14,2021,1,14,68.0,1200.0,1500.0,1550.0,1350.0
2021-01-15,2021,1,15,62.0,1200.0,1600.0,1350.0,1400.0
2021-01-16,2021,1,16,70.0,1300.0,1500.0,1400.0,1400.0
2021-01-18,2021,1,18,80.0,1150.0,1450.0,1400.0,1300.0
2021-01-19,2021,1,19,72.0,1100.0,1400.0,1300.0,1250.0
2021-01-20,2021,1,20,75.0,1000.0,1400.0,1250.0,1200.0
2021-01-21,2021,1,21,70.0,1100.0,1500.0,1200.0,1300.0
2021-01-22,2021,1,22,68.0,1200.0,1500.0,1300.0,1350.0
2021-01-23,2021,1,23,68.0,1200.0,1500.0,1350.0,1350.0
2021-01-25,2021,1,25,63.0,1300.0,1800.0,1350.0,1550.0
2021-01-27,2021,1,27,56.0,1400.0,2000.0,1550.0,1700.0
2021-01-28,2021,1,28,60.0,1450.0,1850.0,1700.0,1650.0
2021-01-29,2021,1,29,70.0,1425.0,1750.0,1650.0,1580.0
2021-01-30,2021,1,30,70.0,1425.0,1750.0,1580.0,1580.0
2021-02-01,2021,2,1,48.0,1600.0,2200.0,1580.0,1900.0
2021-02-02,2021,2,2,52.0,1400.0,2000.0,1900.0,1700.0
2021-02-03,2021,2,3,60.0,1500.0,2000.0,1700.0,1750.0
2021-02-04,2021,2,4,65.0,1450.0,1850.0,1750.0,1600.0
2021-02-05,2021,2,5,75.0,1350.0,1750.0,1600.0,1650.0
2021-02-06,2021,2,6,75.0,1350.0,1750.0,1650.0,1650.0
2021-02-08,2021,2,8,80.0,1350.0,1650.0,1650.0,1500.0
2021-02-09,2021,2,9,83.0,1300.0,1500.0,1500.0,1400.0
2021-02-10,2021,2,10,72.0,1400.0,1600.0,1400.0,1500.0
2021-02-11,2021,2,11,68.0,1425.0,1675.0,1500.0,1550.0
2021-02-12,2021,2,12,65.0,1400.0,1700.0,1550.0,1550.0
2021-02-13,2021,2,13,70.0,1300.0,1600.0,1550.0,1450.0
2021-02-15,2021,2,15,73.0,1350.0,1550.0,1450.0,1450.0
2021-02-16,2021,2,16,65.0,1400.0,1750.0,1450.0,1575.0
2021-02-17,2021,2,17,70.0,1200.0,1600.0,1575.0,1400.0
2021-02-18,2021,2,18,63.0,1300.0,1700.0,1400.0,1500.0
2021-02-19,2021,2,19,72.0,1000.0,1200.0,1500.0,1100.0
2021-02-20,2021,2,20,72.0,1000.0,1200.0,1100.0,1100.0
2021-02-22,2021,2,22,80.0,950.0,1150.0,1100.0,1050.0
2021-02-23,2021,2,23,86.0,800.0,1000.0,1050.0,900.0
2021-02-24,2021,2,24,78.0,850.0,1000.0,900.0,925.0
2021-02-25,2021,2,25,80.0,800.0,950.0,925.0,850.0
2021-02-26,2021,2,26,85.0,820.0,900.0,850.0,860.0
2021-02-27,2021,2,27,90.0,800.0,900.0,860.0,850.0
2021-03-01,2021,3,1,78.0,800.0,1000.0,850.0,900.0
2021-03-02,2021,3,2,80.0,750.0,900.0,900.0,825.0
2021-03-03,2021,3,3,85.0,750.0,850.0,825.0,800.0
2021-03-04,2021,3,4,87.0,700.0,800.0,800.0,750.0
2021-03-05,2021,3,5,82.0,650.0,800.0,750.0,725.0
2021-03-06,2021,3,6,86.0,650.0,780.0,725.0,715.0
2021-03-08,2021,3,8,90.0,630.0,750.0,715.0,690.0
2021-03-09,2021,3,9,85.0,640.0,700.0,690.0,670.0
2021-03-10,2021,3,10,100.0,600.0,700.0,670.0,650.0
2021-03-11,2021,3,11,100.0,580.0,660.0,650.0,620.0
2021-03-12,2021,3,12,92.0,600.0,680.0,620.0,640.0
2021-03-13,2021,3,13,100.0,580.0,660.0,640.0,620.0
2021-03-15,2021,3,15,90.0,600.0,700.0,620.0,650.0
2021-03-16,2021,3,16,82.0,650.0,750.0,650.0,700.0
2021-03-17,2021,3,17,78.0,640.0,700.0,700.0,670.0
2021-03-18,2021,3,18,75.0,620.0,680.0,670.0,660.0
2021-03-19,2021,3,19,80.0,600.0,680.0,660.0,640.0
2021-03-20,2021,3,20,76.0,630.0,690.0,640.0,660.0
2021-03-22,2021,3,22,68.0,625.0,875.0,660.0,750.0
2021-03-23,2021,3,23,68.0,625.0,875.0,750.0,750.0
2021-03-24,2021,3,24,75.0,700.0,850.0,750.0,775.0
2021-03-25,2021,3,25,70.0,800.0,1000.0,775.0,900.0
2021-03-26,2021,3,26,67.0,800.0,1200.0,900.0,1000.0
2021-03-27,2021,3,27,73.0,750.0,1000.0,1000.0,875.0
2021-03-30,2021,3,30,30.0,800.0,1000.0,875.0,900.0
2021-03-31,2021,3,31,38.0,900.0,1200.0,900.0,1050.0
2021-04-01,2021,4,1,35.0,1000.0,1400.0,1050.0,1200.0
2021-04-03,2021,4,3,38.0,1300.0,1500.0,1200.0,1400.0
2021-04-05,2021,4,5,36.0,1350.0,1650.0,1400.0,1500.0
2021-04-06,2021,4,6,45.0,1200.0,1500.0,1500.0,1350.0
2021-04-07,2021,4,7,58.0,1000.0,1400.0,1350.0,1200.0
2021-04-08,2021,4,8,64.0,900.0,1300.0,1200.0,1100.0
2021-04-09,2021,4,9,58.0,1050.0,1450.0,1100.0,1250.0
2021-04-10,2021,4,10,53.0,1200.0,1500.0,1250.0,1350.0
2021-04-12,2021,4,12,60.0,1200.0,1600.0,1350.0,1400.0
2021-04-15,2021,4,15,55.0,1200.0,1500.0,1400.0,1350.0
2021-04-16,2021,4,16,62.0,1000.0,1400.0,1350.0,1200.0
2021-04-17,2021,4,17,58.0,1200.0,1400.0,1200.0,1300.0
2021-04-19,2021,4,19,57.0,700.0,850.0,1300.0,750.0
2021-04-20,2021,4,20,57.0,700.0,850.0,750.0,750.0
2021-04-22,2021,4,22,48.0,600.0,700.0,750.0,650.0
2021-04-23,2021,4,23,62.0,640.0,700.0,650.0,670.0
2021-04-26,2021,4,26,59.0,700.0,800.0,670.0,750.0
2021-12-13,2021,12,13,50.0,3400.0,3800.0,750.0,3600.0
2021-12-14,2021,12,14,54.0,2800.0,3500.0,3600.0,3150.0
2021-12-15,2021,12,15,58.0,2600.0,3200.0,3150.0,2900.0
2021-12-16,2021,12,16,56.0,2500.0,3000.0,2900.0,2750.0
2021-12-17,2021,12,17,60.0,2600.0,3000.0,2750.0,2800.0
2021-12-18,2021,12,18,68.0,2300.0,2800.0,2800.0,2550.0
2021-12-20,2021,12,20,70.0,2200.0,2500.0,2550.0,2350.0
2021-12-21,2021,12,21,65.0,2250.0,2550.0,2350.0,2400.0
2021-12-22,2021,12,22,68.0,2000.0,2500.0,2400.0,2250.0
2021-12-23,2021,12,23,72.0,2000.0,2450.0,2250.0,2225.0
2021-12-24,2021,12,24,62.0,1800.0,2200.0,2225.0,2000.0
2021-12-27,2021,12,27,65.0,1600.0,2000.0,2000.0,1800.0
2021-12-28,2021,12,28,70.0,1500.0,2000.0,1800.0,1750.0
2021-12-29,2021,12,29,60.0,1650.0,2150.0,1750.0,1900.0
2021-12-30,2021,12,30,56.0,1700.0,2200.0,1900.0,1950.0
2021-12-31,2021,12,31,48.0,1700.0,2300.0,1950.0,2050.0
2022-01-01,2022,1,1,36.0,2400.0,2800.0,2050.0,2600.0
2022-01-03,2022,1,3,32.0,2500.0,3000.0,2600.0,2750.0
2022-01-04,2022,1,4,35.0,2200.0,2600.0,2750.0,2400.0
2022-01-05,2022,1,5,40.0,1800.0,2200.0,2400.0,2000.0
2022-01-06,2022,1,6,45.0,1600.0,2000.0,2000.0,1800.0
2022-01-07,2022,1,7,48.0,1500.0,2000.0,1800.0,1750.0
2022-01-08,2022,1,8,52.0,1400.0,1700.0,1750.0,1550.0
2022-01-10,2022,1,10,38.0,1600.0,2000.0,1550.0,1800.0
2022-01-11,2022,1,11,46.0,1500.0,1800.0,1800.0,1650.0
2022-01-12,2022,1,12,50.0,1200.0,1600.0,1650.0,1400.0
2022-01-13,2022,1,13,53.0,1300.0,1500.0,1400.0,1400.0
2022-01-14,2022,1,14,60.0,1200.0,1400.0,1400.0,1300.0
2022-01-15,2022,1,15,68.0,1000.0,1200.0,1300.0,1100.0
2022-01-17,2022,1,17,70.0,900.0,1100.0,1100.0,1000.0
2022-01-18,2022,1,18,65.0,950.0,1150.0,1000.0,1050.0
2022-01-19,2022,1,19,78.0,875.0,1075.0,1050.0,975.0
2022-01-20,2022,1,20,80.0,850.0,950.0,975.0,900.0
2022-01-21,2022,1,21,87.0,800.0,900.0,900.0,850.0
2022-01-22,2022,1,22,87.0,825.0,945.0,850.0,885.0
2022-01-24,2022,1,24,70.0,850.0,1000.0,885.0,925.0
2022-01-25,2022,1,25,75.0,800.0,1000.0,925.0,900.0
2022-01-27,2022,1,27,67.0,900.0,1100.0,900.0,1000.0
2022-01-28,2022,1,28,60.0,950.0,1250.0,1000.0,1100.0
2022-01-29,2022,1,29,65.0,1000.0,1200.0,1100.0,1100.0
2022-01-31,2022,1,31,72.0,900.0,1200.0,1100.0,1050.0
2022-02-01,2022,2,1,68.0,1000.0,1400.0,1050.0,1200.0
2022-02-02,2022,2,2,62.0,1200.0,1500.0,1200.0,1350.0
2022-02-04,2022,2,4,60.0,1250.0,1450.0,1350.0,1350.0
2022-02-05,2022,2,5,62.0,1300.0,1500.0,1350.0,1400.0
2022-02-07,2022,2,7,62.0,1300.0,1500.0,1400.0,1400.0
2022-02-08,2022,2,8,60.0,1250.0,1450.0,1400.0,1350.0
2022-02-09,2022,2,9,54.0,1200.0,1500.0,1350.0,1350.0
2022-02-10,2022,2,10,50.0,1300.0,1500.0,1350.0,1400.0
2022-02-11,2022,2,11,56.0,1150.0,1450.0,1400.0,1300.0
2022-02-12,2022,2,12,62.0,1000.0,1400.0,1300.0,1200.0
2022-02-14,2022,2,14,62.0,1000.0,1400.0,1200.0,1200.0
2022-02-15,2022,2,15,50.0,1200.0,1600.0,1200.0,1400.0
2022-02-16,2022,2,16,60.0,1350.0,1550.0,1400.0,1450.0
2022-02-17,2022,2,17,95.0,1575.0,1875.0,1450.0,1725.0
2022-02-18,2022,2,18,70.0,1300.0,1500.0,1725.0,1400.0
2022-02-19,2022,2,19,76.0,1150.0,1450.0,1400.0,1300.0
2022-02-21,2022,2,21,72.0,1300.0,1500.0,1300.0,1400.0
2022-02-22,2022,2,22,80.0,1200.0,1400.0,1400.0,1300.0
2022-02-24,2022,2,24,70.0,1350.0,1500.0,1300.0,1425.0
2022-02-25,2022,2,25,65.0,1350.0,1650.0,1425.0,1500.0
2022-02-26,2022,2,26,60.0,1400.0,1700.0,1500.0,1550.0
2022-02-28,2022,2,28,57.0,1500.0,1800.0,1550.0,1650.0
2022-03-02,2022,3,2,60.0,1600.0,2000.0,1650.0,1800.0
2022-03-03,2022,3,3,65.0,1200.0,1600.0,1800.0,1400.0
2022-03-04,2022,3,4,70.0,1100.0,1400.0,1400.0,1250.0
2022-03-05,2022,3,5,75.0,1000.0,1300.0,1250.0,1150.0
2022-03-07,2022,3,7,75.0,1000.0,1300.0,1150.0,1150.0
2022-03-08,2022,3,8,65.0,1175.0,1375.0,1150.0,1275.0
2022-03-09,2022,3,9,68.0,1150.0,1450.0,1275.0,1300.0
2022-03-10,2022,3,10,62.0,1200.0,1500.0,1300.0,1350.0
2022-03-11,2022,3,11,65.0,1200.0,1400.0,1350.0,1300.0
2022-03-12,2022,3,12,76.0,1100.0,1380.0,1300.0,1240.0
2022-03-14,2022,3,14,68.0,1150.0,1450.0,1240.0,1300.0
2022-03-15,2022,3,15,65.0,1200.0,1500.0,1300.0,1350.0
2022-03-16,2022,3,16,60.0,1350.0,1650.0,1350.0,1450.0
2022-03-17,2022,3,17,55.0,1400.0,1700.0,1450.0,1550.0
2022-03-19,2022,3,19,55.0,1400.0,1700.0,1550.0,1550.0
2022-03-21,2022,3,21,50.0,1500.0,2000.0,1550.0,1750.0
2022-03-22,2022,3,22,48.0,1600.0,1900.0,1750.0,1750.0
2022-03-23,2022,3,23,56.0,1550.0,1850.0,1750.0,1650.0
2022-03-24,2022,3,24,45.0,1575.0,1925.0,1650.0,1750.0
2022-03-25,2022,3,25,50.0,1400.0,1800.0,1750.0,1600.0
2022-03-26,2022,3,26,47.0,1450.0,1850.0,1600.0,1650.0
2022-03-28,2022,3,28,48.0,1500.0,1900.0,1650.0,1700.0
2022-03-29,2022,3,29,45.0,1400.0,1800.0,1700.0,1600.0
2022-03-30,2022,3,30,40.0,1375.0,1875.0,1600.0,1625.0
2022-03-31,2022,3,31,47.0,1275.0,1825.0,1625.0,1550.0
2022-04-01,2022,4,1,56.0,1400.0,1800.0,1550.0,1600.0
2022-04-02,2022,4,2,50.0,1500.0,2000.0,1600.0,1750.0
2022-04-04,2022,4,4,58.0,1400.0,1900.0,1750.0,1650.0
2022-04-05,2022,4,5,55.0,1450.0,2000.0,1650.0,1725.0
2022-04-06,2022,4,6,60.0,1500.0,1850.0,1725.0,1675.0
2022-04-07,2022,4,7,68.0,1500.0,1800.0,1675.0,1650.0
2022-04-08,2022,4,8,56.0,1600.0,2000.0,1650.0,1800.0
2022-04-09,2022,4,9,50.0,1700.0,2300.0,1800.0,1800.0
2022-04-11,2022,4,11,60.0,1550.0,2150.0,1800.0,1850.0
2022-04-12,2022,4,12,65.0,1500.0,2000.0,1850.0,1750.0
2022-04-13,2022,4,13,62.0,1600.0,2000.0,1750.0,1800.0
2022-04-16,2022,4,16,66.0,1575.0,1875.0,1800.0,1725.0
2022-04-18,2022,4,18,70.0,1650.0,1850.0,1725.0,1750.0
2022-04-19,2022,4,19,60.0,1800.0,2200.0,1750.0,2000.0
2022-04-20,2022,4,20,48.0,2000.0,2500.0,2000.0,2250.0
2022-04-21,2022,4,21,20.0,1900.0,2300.0,2250.0,2100.0
2022-04-22,2022,4,22,42.0,2000.0,2400.0,2100.0,2200.0
2022-04-23,2022,4,23,45.0,1975.0,2375.0,2200.0,2175.0
2022-04-25,2022,4,25,43.0,1900.0,2400.0,2175.0,2150.0
2022-04-26,2022,4,26,40.0,2000.0,2500.0,2150.0,2250.0
2022-04-27,2022,4,27,48.0,1450.0,1850.0,2250.0,1650.0
2022-04-28,2022,4,28,45.0,1600.0,2000.0,1650.0,1800.0
2022-04-29,2022,4,29,52.0,1400.0,1600.0,1800.0,1500.0
2022-04-30,2022,4,30,56.0,1300.0,1500.0,1500.0,1400.0
2022-05-02,2022,5,2,35.0,1600.0,2200.0,1400.0,1900.0
2022-05-04,2022,5,4,30.0,1800.0,2400.0,1900.0,2100.0
2022-05-05,2022,5,5,32.0,1600.0,2000.0,2100.0,1800.0
2022-05-06,2022,5,6,36.0,1400.0,1800.0,1800.0,1600.0
2022-05-07,2022,5,7,38.0,1300.0,1600.0,1600.0,1450.0
2022-05-09,2022,5,9,45.0,1300.0,1500.0,1450.0,1400.0
2022-05-10,2022,5,10,40.0,1250.0,1550.0,1400.0,1400.0
2022-05-11,2022,5,11,42.0,1400.0,1600.0,1400.0,1500.0
2022-05-12,2022,5,12,46.0,1350.0,1550.0,1500.0,1450.0
2022-05-13,2022,5,13,50.0,1300.0,1500.0,1450.0,1400.0
2022-05-14,2022,5,14,40.0,1400.0,1650.0,1400.0,1525.0
2022-05-17,2022,5,17,47.0,1400.0,1600.0,1525.0,1500.0
2022-05-18,2022,5,18,48.0,1600.0,1950.0,1500.0,1750.0
2022-05-19,2022,5,19,35.0,1800.0,2200.0,1750.0,2000.0
2022-05-20,2022,5,20,28.0,2400.0,2850.0,2000.0,2650.0
2022-05-21,2022,5,21,35.0,2275.0,2875.0,2650.0,2575.0
2022-05-23,2022,5,23,27.0,3000.0,3500.0,2575.0,3250.0
2022-05-24,2022,5,24,23.0,3500.0,4000.0,3250.0,3750.0
2022-05-25,2022,5,25,25.0,3600.0,4000.0,3750.0,3800.0
2022-05-26,2022,5,26,22.0,3800.0,4200.0,3800.0,4000.0
2022-05-27,2022,5,27,26.0,3450.0,3850.0,4000.0,3650.0
2022-05-28,2022,5,28,28.0,3400.0,3800.0,3650.0,3600.0
2022-05-30,2022,5,30,34.0,3000.0,3500.0,3600.0,3250.0
2022-05-31,2022,5,31,37.0,3000.0,3500.0,3250.0,3250.0
2022-12-13,2022,12,13,45.0,1400.0,1800.0,3250.0,1600.0
2022-12-14,2022,12,14,50.0,1300.0,1500.0,1600.0,1400.0
2022-12-15,2022,12,15,56.0,1200.0,1500.0,1400.0,1350.0
2022-12-16,2022,12,16,60.0,1200.0,1450.0,1350.0,1325.0
2022-12-17,2022,12,17,65.0,1200.0,1400.0,1325.0,1300.0
2022-12-19,2022,12,19,54.0,1275.0,1425.0,1300.0,1350.0
2022-12-20,2022,12,20,52.0,1260.0,1460.0,1350.0,1360.0
2022-12-21,2022,12,21,90.0,1240.0,1465.0,1360.0,1365.0
2022-12-22,2022,12,22,56.0,1200.0,1400.0,1365.0,1300.0
2022-12-23,2022,12,23,52.0,1300.0,1500.0,1300.0,1400.0
2022-12-24,2022,12,24,60.0,1275.0,1475.0,1400.0,1375.0
2022-12-26,2022,12,26,70.0,1200.0,1400.0,1375.0,1300.0
2022-12-27,2022,12,27,70.0,1150.0,1350.0,1300.0,1250.0
2022-12-28,2022,12,28,75.0,1100.0,1300.0,1250.0,1200.0
2022-12-29,2022,12,29,80.0,1000.0,1200.0,1200.0,1100.0
2022-12-30,2022,12,30,76.0,1050.0,1250.0,1100.0,1150.0
2022-12-31,2022,12,31,78.0,1040.0,1200.0,1150.0,1120.0
2023-01-02,2023,1,2,50.0,1050.0,1250.0,1120.0,1150.0
2023-01-03,2023,1,3,55.0,1000.0,1200.0,1150.0,1100.0
2023-01-04,2023,1,4,60.0,900.0,1200.0,1100.0,1050.0
2023-01-05,2023,1,5,67.0,900.0,1000.0,1050.0,950.0
2023-01-06,2023,1,6,70.0,900.0,1000.0,950.0,950.0
2023-01-07,2023,1,7,62.0,950.0,1100.0,950.0,1025.0
2023-01-09,2023,1,9,58.0,1150.0,1350.0,1025.0,1250.0
2023-01-10,2023,1,10,58.0,1300.0,1500.0,1250.0,1400.0
2023-01-11,2023,1,11,60.0,1200.0,1400.0,1400.0,1300.0
2023-01-12,2023,1,12,57.0,1250.0,1450.0,1300.0,1350.0
2023-01-13,2023,1,13,59.0,1300.0,1400.0,1350.0,1350.0
2023-01-14,2023,1,14,54.0,1350.0,1500.0,1350.0,1425.0
2023-01-16,2023,1,16,60.0,1250.0,1450.0,1425.0,1350.0
2023-01-17,2023,1,17,48.0,1300.0,1500.0,1350.0,1450.0
2023-01-18,2023,1,18,48.0,1350.0,1550.0,1450.0,1450.0
2023-01-19,2023,1,19,50.0,1375.0,1525.0,1450.0,1450.0
2023-01-20,2023,1,20,42.0,1400.0,1600.0,1450.0,1500.0
2023-01-21,2023,1,21,45.0,1450.0,1550.0,1500.0,1500.0
2023-01-23,2023,1,23,50.0,1200.0,1400.0,1500.0,1300.0
2023-01-24,2023,1,24,50.0,1200.0,1400.0,1300.0,1300.0
2023-01-27,2023,1,27,48.0,1275.0,1425.0,1300.0,1350.0
2023-01-28,2023,1,28,50.0,1150.0,1350.0,1350.0,1250.0
2023-01-30,2023,1,30,53.0,1100.0,1300.0,1250.0,1200.0
2023-01-31,2023,1,31,49.0,1200.0,1400.0,1200.0,1300.0
2023-02-01,2023,2,1,54.0,900.0,1100.0,1300.0,1000.0
2023-02-02,2023,2,2,60.0,950.0,1250.0,1000.0,1150.0
2023-02-03,2023,2,3,57.0,1000.0,1200.0,1150.0,1100.0
2023-02-04,2023,2,4,50.0,1050.0,1350.0,1100.0,1200.0
2023-02-06,2023,2,6,55.0,1000.0,1300.0,1200.0,1150.0
2023-02-07,2023,2,7,48.0,1075.0,1375.0,1150.0,1225.0
2023-02-08,2023,2,8,46.0,1200.0,1400.0,1225.0,1300.0
2023-02-13,2023,2,13,60.0,1000.0,1200.0,1300.0,1100.0
2023-02-14,2023,2,14,67.0,900.0,1100.0,1100.0,1000.0
2023-02-15,2023,2,15,70.0,850.0,1050.0,1000.0,950.0
2023-02-16,2023,2,16,75.0,800.0,1000.0,950.0,900.0
2023-02-17,2023,2,17,76.0,750.0,900.0,900.0,825.0
2023-02-18,2023,2,18,78.0,700.0,850.0,825.0,775.0
2023-02-20,2023,2,20,78.0,700.0,850.0,775.0,775.0
2023-02-21,2023,2,21,85.0,650.0,750.0,775.0,700.0
2023-02-22,2023,2,22,90.0,500.0,600.0,700.0,550.0
2023-02-23,2023,2,23,86.0,550.0,650.0,550.0,600.0
2023-02-24,2023,2,24,85.0,500.0,600.0,600.0,550.0
2023-02-25,2023,2,25,90.0,450.0,550.0,550.0,500.0
2023-02-27,2023,2,27,84.0,475.0,575.0,500.0,525.0
2023-02-28,2023,2,28,80.0,525.0,625.0,525.0,575.0
2023-03-01,2023,3,1,68.0,650.0,800.0,575.0,725.0
2023-03-02,2023,3,2,58.0,700.0,850.0,725.0,775.0
2023-03-03,2023,3,3,54.0,725.0,825.0,775.0,775.0
2023-03-04,2023,3,4,50.0,750.0,850.0,775.0,800.0
2023-03-06,2023,3,6,53.0,800.0,1000.0,800.0,900.0
2023-03-07,2023,3,7,48.0,1000.0,1200.0,900.0,1100.0
2023-03-09,2023,3,9,30.0,1400.0,1600.0,1100.0,1500.0
2023-03-10,2023,3,10,47.0,1200.0,1500.0,1500.0,1350.0
2023-03-11,2023,3,11,56.0,1200.0,1400.0,1350.0,1300.0
2023-03-13,2023,3,13,53.0,1275.0,1475.0,1300.0,1375.0
2023-03-14,2023,3,14,60.0,1250.0,1450.0,1375.0,1350.0
2023-03-15,2023,3,15,60.0,1250.0,1450.0,1350.0,1350.0
2023-03-16,2023,3,16,65.0,1200.0,1400.0,1350.0,1300.0
2023-03-17,2023,3,17,70.0,1250.0,1350.0,1300.0,1300.0
2023-03-18,2023,3,18,62.0,1275.0,1375.0,1300.0,1325.0
2023-03-20,2023,3,20,60.0,1350.0,1450.0,1325.0,1400.0
2023-03-21,2023,3,21,54.0,1400.0,1500.0,1400.0,1450.0
2023-03-22,2023,3,22,52.0,1375.0,1575.0,1450.0,1475.0
2023-03-23,2023,3,23,55.0,1350.0,1550.0,1475.0,1450.0
2023-03-24,2023,3,24,60.0,1200.0,1500.0,1450.0,1350.0
2023-03-25,2023,3,25,56.0,1300.0,1500.0,1350.0,1400.0
2023-03-27,2023,3,27,53.0,1475.0,1575.0,1400.0,1525.0
2023-03-28,2023,3,28,50.0,1500.0,1600.0,1525.0,1550.0
2023-03-29,2023,3,29,58.0,1480.0,1580.0,1550.0,1530.0
2023-03-31,2023,3,31,62.0,1450.0,1550.0,1530.0,1500.0
2023-04-01,2023,4,1,63.0,1275.0,1475.0,1500.0,1375.0
2023-04-03,2023,4,3,56.0,1300.0,1500.0,1375.0,1400.0
2023-04-05,2023,4,5,68.0,1200.0,1400.0,1400.0,1300.0
2023-04-06,2023,4,6,52.0,1340.0,1460.0,1300.0,1400.0
2023-04-08,2023,4,8,55.0,1375.0,1475.0,1400.0,1425.0
2023-04-10,2023,4,10,55.0,1375.0,1475.0,1425.0,1425.0
2023-04-11,2023,4,11,50.0,1400.0,1500.0,1425.0,1450.0
2023-04-12,2023,4,12,52.0,1350.0,1550.0,1450.0,1450.0
2023-04-13,2023,4,13,56.0,1300.0,1500.0,1450.0,1400.0
2023-04-15,2023,4,15,60.0,1250.0,1450.0,1400.0,1350.0
2023-04-17,2023,4,17,65.0,1275.0,1475.0,1350.0,1375.0
2023-04-18,2023,4,18,53.0,1350.0,1550.0,1375.0,1450.0
2023-04-19,2023,4,19,50.0,1400.0,1600.0,1450.0,1500.0
2023-04-20,2023,4,20,58.0,900.0,1200.0,1500.0,1050.0
2023-04-21,2023,4,21,69.0,800.0,1000.0,1050.0,900.0
2023-04-24,2023,4,24,65.0,925.0,1075.0,900.0,1000.0
2023-04-25,2023,4,25,62.0,1000.0,1200.0,1000.0,1100.0
2023-04-26,2023,4,26,55.0,1000.0,1400.0,1100.0,1200.0
2023-04-27,2023,4,27,50.0,1200.0,1500.0,1200.0,1350.0
2023-04-29,2023,4,29,59.0,1100.0,1400.0,1350.0,1250.0
2023-05-01,2023,5,1,68.0,700.0,1400.0,1250.0,1150.0
2023-05-02,2023,5,2,76.0,850.0,1250.0,1150.0,1050.0
2023-05-03,2023,5,3,72.0,1000.0,1300.0,1050.0,1150.0
2023-05-06,2023,5,6,65.0,1200.0,1500.0,1150.0,1350.0
2023-05-08,2023,5,8,68.0,1250.0,1450.0,1350.0,1350.0
2023-05-09,2023,5,9,62.0,1375.0,1425.0,1350.0,1400.0
2023-05-10,2023,5,10,54.0,1260.0,1480.0,1400.0,1370.0
2023-05-11,2023,5,11,50.0,1300.0,1500.0,1370.0,1400.0
2023-05-12,2023,5,12,48.0,1200.0,1600.0,1400.0,1400.0
2023-05-15,2023,5,15,54.0,1300.0,1500.0,1400.0,1400.0
2023-05-16,2023,5,16,55.0,1200.0,1500.0,1400.0,1350.0
2023-05-17,2023,5,17,50.0,1250.0,1550.0,1350.0,1400.0
2023-05-18,2023,5,18,48.0,1300.0,1600.0,1400.0,1450.0
2023-05-19,2023,5,19,48.0,1275.0,1575.0,1450.0,1425.0
2023-05-20,2023,5,20,28.0,1350.0,1550.0,1425.0,1450.0
2023-05-22,2023,5,22,58.0,1375.0,1565.0,1450.0,1500.0
2023-05-23,2023,5,23,47.0,1400.0,1600.0,1500.0,1500.0
2023-05-24,2023,5,24,50.0,1350.0,1550.0,1500.0,1450.0
2023-05-25,2023,5,25,54.0,1400.0,1500.0,1450.0,1450.0
2023-05-26,2023,5,26,52.0,1425.0,1525.0,1450.0,1475.0
2023-05-27,2023,5,27,48.0,1475.0,1575.0,1475.0,1525.0
2023-05-29,2023,5,29,50.0,1400.0,1550.0,1525.0,1475.0
2023-05-30,2023,5,30,45.0,1450.0,1600.0,1475.0,1575.0
2023-05-31,2023,5,31,47.0,1425.0,1575.0,1575.0,1500.0
2023-06-01,2023,6,1,48.0,1400.0,1600.0,1500.0,1500.0
2023-06-02,2023,6,2,52.0,1350.0,1550.0,1500.0,1450.0
2023-06-03,2023,6,3,50.0,1420.0,1580.0,1450.0,1500.0
2023-06-05,2023,6,5,47.0,1475.0,1625.0,1500.0,1550.0
2023-06-06,2023,6,6,45.0,1450.0,1650.0,1550.0,1550.0
2023-06-07,2023,6,7,40.0,1600.0,1800.0,1550.0,1700.0
2023-06-08,2023,6,8,38.0,1800.0,2000.0,1700.0,1900.0
2023-06-09,2023,6,9,36.0,2000.0,2400.0,1900.0,2200.0
2023-06-10,2023,6,10,35.0,2200.0,2500.0,2200.0,2350.0
2023-06-12,2023,6,12,37.0,2050.0,2450.0,2350.0,2250.0
